AccY,AccZ,GyroX,GyroY,GyroZ,Label
-1.120,-0.048,-2.802,0.405,-8.954,STANDING
-1.140,-0.218,-19.405,-5.718,19.664,STANDING
-1.081,-0.149,14.595,1.565,-14.489,STANDING
-1.145,-0.137,-5.626,4.412,15.107,STANDING
-1.014,-0.128,18.985,3.275,-4.840,STANDING
-1.185,-0.182,-37.718,15.519,12.344,MOVING
-1.138,-0.089,-37.000,9.206,-6.198,STANDING
-1.136,-0.178,-8.756,1.160,6.252,STANDING
-0.986,-0.152,-47.023,2.214,-38.282,MOVING
-0.963,-0.091,-16.046,16.420,18.313,STANDING
-1.227,-0.103,-13.985,11.374,-9.435,MOVING
-1.058,-0.187,-41.450,7.969,7.573,MOVING
-0.816,-0.123,-16.824,59.710,29.771,MOVING
-1.262,-0.063,-2.115,6.168,19.412,MOVING
-1.276,0.003,1.153,0.840,-19.420,STANDING
-0.936,-0.296,-19.351,-5.672,-4.756,MOVING
-1.161,-0.117,-0.618,4.748,32.122,MOVING
-1.246,-0.106,16.863,2.847,-19.153,STANDING
-0.989,-0.125,26.763,-3.366,-7.618,MOVING
-1.180,-0.119,9.870,0.321,16.313,MOVING
-1.181,-0.134,4.710,3.550,-10.313,STANDING
-1.151,-0.191,-16.198,4.420,4.267,STANDING
-1.168,-0.132,19.382,4.412,-12.099,STANDING
-1.052,-0.179,-32.008,12.427,-0.908,STANDING
-1.241,-0.120,-13.168,6.450,-1.153,MOVING
-1.047,-0.191,-10.221,5.183,3.824,MOVING
-1.187,-0.091,17.031,0.489,-12.595,STANDING
-1.129,-0.146,-23.328,11.725,13.313,STANDING
-1.133,-0.102,12.466,-6.076,-15.656,STANDING
-1.130,-0.149,-17.450,10.221,6.519,STANDING
-1.040,-0.100,0.740,-2.458,-13.153,STANDING
-1.108,-0.044,-7.656,6.863,9.244,STANDING
-1.108,-0.089,6.863,2.481,-11.412,STANDING
-0.934,-0.229,11.733,-9.023,-28.603,STANDING
-1.029,-0.092,-4.313,5.656,27.901,STANDING
-1.179,-0.069,0.336,-2.519,6.015,STANDING
-1.197,-0.075,-3.130,6.893,1.802,STANDING
-1.147,-0.086,12.985,-13.779,-23.489,STANDING
-1.064,-0.116,-37.198,38.870,-4.687,STANDING
-1.247,-0.148,6.420,23.603,-3.344,MOVING
-1.220,-0.231,0.252,0.412,-14.374,STANDING
-1.106,-0.160,-3.855,8.985,-6.809,STANDING
-1.256,-0.076,13.473,-2.229,51.206,STANDING
-1.227,-0.136,2.069,-4.931,-12.649,STANDING
-1.067,-0.187,-43.145,48.420,59.130,MOVING
-1.317,-0.038,3.099,1.176,18.298,MOVING
-1.010,-0.067,33.748,-19.176,-69.519,MOVING
-1.010,-0.129,2.496,-2.901,17.924,STANDING
-1.237,-0.185,22.550,0.237,4.336,MOVING
-1.229,-0.100,12.344,2.550,1.969,STANDING
-1.203,-0.103,13.542,-25.382,-35.969,STANDING
-1.203,-0.345,-37.458,29.099,18.214,STANDING
-1.228,-0.123,-14.366,12.198,2.557,STANDING
-1.138,-0.244,54.374,-5.420,-45.000,STANDING
-1.157,-0.209,-10.023,-6.038,91.275,STANDING
-1.335,-0.153,-3.992,4.649,3.389,MOVING
-1.088,-0.141,10.275,-0.351,-48.695,MOVING
-1.141,-0.092,1.412,6.412,27.115,STANDING
-1.226,-0.006,-3.565,-4.672,-40.382,STANDING
-1.142,-0.203,9.130,11.763,31.374,STANDING
-1.403,-0.198,-9.878,12.969,7.626,MOVING
-1.180,-0.209,-32.092,12.458,31.550,MOVING
-1.263,-0.271,14.031,-4.229,-2.252,STANDING
-1.231,-0.111,-1.672,2.374,17.626,STANDING
-1.347,-0.231,-84.458,34.450,13.939,STANDING
-1.305,-0.236,19.115,-24.527,1.832,STANDING
-1.233,-0.122,80.382,-3.992,-30.992,STANDING
-1.176,0.004,31.718,-18.115,9.000,STANDING
-1.234,-0.132,-9.092,30.031,27.771,STANDING
-1.345,-0.041,24.779,-13.344,-4.718,STANDING
-1.248,-0.042,-24.244,3.580,55.641,STANDING
-1.323,-0.072,74.282,-54.191,15.695,STANDING
-1.391,0.007,126.137,-62.565,-9.924,STANDING
-1.153,-0.064,58.924,-7.794,-20.191,MOVING
-1.276,0.009,7.084,-5.450,30.443,STANDING
-1.331,-0.155,48.656,-4.344,-57.267,STANDING
-1.234,0.045,6.473,-5.221,23.771,STANDING
-1.468,-0.340,-163.855,92.695,9.038,MOVING
-1.361,-0.207,-92.496,65.443,-24.122,STANDING
-1.412,0.163,100.137,80.580,-13.023,STANDING
-1.326,-0.166,-8.031,20.626,27.176,STANDING
-1.182,-0.218,23.168,-24.695,16.130,STANDING
-1.350,-0.126,8.336,0.977,-20.748,MOVING
-1.383,-0.151,64.916,-32.931,-5.366,STANDING
-1.232,-0.236,90.031,-21.687,-7.275,STANDING
-1.366,-0.370,-67.450,34.397,-0.389,MOVING
-1.259,-0.206,-53.969,5.229,23.519,STANDING
-1.218,-0.034,7.382,-9.863,-26.145,STANDING
-1.254,-0.193,-31.542,12.481,9.870,STANDING
-1.239,-0.085,-0.115,9.183,-4.374,STANDING
-1.257,-0.120,1.916,-0.053,-1.519,STANDING
-1.209,-0.118,15.802,-0.573,-7.733,STANDING
-1.218,-0.109,-5.275,2.664,3.008,STANDING
-1.246,-0.153,3.198,-1.878,-2.427,STANDING
-1.269,-0.140,-12.634,0.282,6.985,STANDING
-1.232,-0.154,13.427,0.718,-9.817,STANDING
-1.153,-0.086,7.802,-3.985,-6.824,STANDING
-1.173,-0.166,0.183,0.695,4.084,STANDING
-1.238,-0.201,5.504,2.038,-3.931,STANDING
-1.121,-0.110,22.260,-2.473,-3.664,STANDING
-1.215,-0.116,-5.466,0.374,10.092,STANDING
-1.245,-0.190,2.427,3.237,-6.305,STANDING
-1.129,-0.103,26.847,-5.405,-6.878,STANDING
-1.191,-0.181,10.557,-2.672,1.962,STANDING
-1.214,-0.304,19.580,-11.344,-4.336,STANDING
-1.196,-0.216,-16.160,21.832,7.397,STANDING
-1.269,0.022,-1.679,10.466,1.649,STANDING
-1.254,-0.119,-11.443,1.939,7.748,STANDING
-1.309,-0.053,-29.099,9.168,-31.947,STANDING
-1.091,-0.201,-4.664,3.649,-11.008,MOVING
-1.090,-0.226,8.649,-8.939,-7.046,STANDING
-1.264,-0.027,-18.580,-9.695,54.931,MOVING
-1.242,-0.242,8.160,1.382,-13.496,STANDING
-0.979,-0.390,19.885,28.565,-72.672,MOVING
-1.357,-0.113,3.466,0.023,19.840,MOVING
-1.277,-0.160,-26.397,12.206,-64.634,STANDING
-1.332,-0.162,17.145,-5.344,13.145,STANDING
-1.430,-0.101,5.076,3.840,18.573,STANDING
-1.219,-0.135,8.756,-0.809,-72.534,MOVING
-1.296,-0.148,33.069,-12.718,11.000,STANDING
-1.381,-0.224,-0.985,4.267,-0.427,STANDING
-1.182,-0.280,-9.305,-0.977,-9.771,MOVING
-1.359,-0.292,-24.214,9.794,-1.672,MOVING
-1.311,-0.232,15.344,0.275,-20.817,STANDING
-1.339,-0.157,-34.878,24.679,75.328,STANDING
-1.428,-0.192,9.527,1.427,-18.427,STANDING
-1.299,-0.182,16.557,-3.702,-17.542,STANDING
-1.396,-0.118,-6.015,14.084,44.046,STANDING
-1.446,-0.178,-9.603,0.947,0.458,STANDING
-1.551,0.173,34.687,46.275,-20.389,STANDING
-1.358,-0.115,-11.298,-1.183,19.695,MOVING
-1.303,-0.161,26.641,-14.817,-62.023,STANDING
-1.240,-0.148,-7.160,5.969,32.053,STANDING
-1.445,-0.146,-3.160,13.725,-15.832,MOVING
-1.322,-0.129,-14.038,4.008,25.015,STANDING
-1.331,-0.197,27.779,-5.397,-34.115,STANDING
-1.403,-0.154,-18.374,13.885,-7.740,STANDING
-1.284,-0.248,-31.985,3.038,25.954,STANDING
-1.346,-0.108,24.710,-1.916,-32.122,STANDING
-1.350,-0.038,-7.351,2.420,41.580,STANDING
-1.344,-0.092,-15.092,14.718,-29.038,STANDING
-1.352,-0.179,-21.443,-2.298,52.817,STANDING
-1.447,-0.136,5.885,17.824,-16.611,STANDING
-1.273,-0.045,-12.954,9.908,10.733,MOVING
-1.148,-0.123,19.328,-27.603,-40.420,STANDING
-1.345,-0.191,-4.748,-9.176,22.450,MOVING
-1.392,-0.314,40.221,0.244,-32.053,STANDING
-1.279,-0.108,-50.595,22.252,41.565,STANDING
-1.422,-0.162,6.481,-7.298,16.863,STANDING
-1.242,-0.248,24.672,-19.275,-4.412,MOVING
-1.272,-0.042,-9.466,2.611,-5.916,STANDING
-1.344,-0.228,-17.115,-10.916,43.931,STANDING
-1.420,-0.078,-13.183,13.221,-24.420,STANDING
-1.416,-0.205,-10.603,-6.237,46.489,STANDING
-1.359,-0.156,4.489,14.534,-22.504,STANDING
-1.273,-0.041,-3.588,1.763,-2.145,STANDING
-1.287,-0.141,6.824,-3.389,-52.756,STANDING
-1.229,-0.101,-11.252,5.855,21.176,STANDING
-1.460,-0.195,-2.527,8.015,16.305,MOVING
-1.259,0.106,81.580,-11.603,-89.626,MOVING
-1.436,-0.161,0.649,0.748,27.985,MOVING
-1.262,-0.053,41.466,-25.573,-65.802,MOVING
-1.337,-0.277,-0.168,3.038,5.756,STANDING
-1.312,-0.143,-14.489,16.076,49.893,STANDING
-1.494,-0.299,-1.229,9.718,-15.763,MOVING
-1.335,-0.234,-37.275,24.374,10.878,MOVING
-1.397,-0.237,1.099,3.840,9.618,STANDING
-1.415,-0.215,-1.031,-9.702,-28.527,STANDING
-1.410,-0.184,0.168,7.099,38.107,STANDING
-1.452,-0.171,-6.298,5.924,1.718,STANDING
-1.356,-0.121,13.412,-24.573,-34.267,STANDING
-1.188,-0.096,-24.847,15.565,-11.305,MOVING
-1.229,-0.188,-0.008,12.321,2.321,STANDING
-1.320,-0.273,8.237,-5.450,15.527,STANDING
-1.250,-0.093,28.351,-6.153,-8.221,STANDING
-1.273,-0.226,-2.748,2.092,-0.649,STANDING
-1.220,-0.092,24.908,-4.725,2.305,STANDING
-1.320,-0.246,0.427,-1.160,1.466,STANDING
-1.242,-0.160,-22.015,20.603,4.901,STANDING
-1.262,-0.147,12.244,-12.580,-4.328,STANDING
-1.234,-0.150,1.702,-2.084,-3.489,STANDING
-1.303,-0.220,-18.809,13.908,3.015,STANDING
-1.169,-0.253,-0.656,-0.550,17.153,STANDING
-1.412,-0.190,49.344,-2.679,-16.733,MOVING
-1.082,-0.160,-21.412,-12.916,5.275,MOVING
-1.304,-0.238,-5.366,-7.092,30.496,MOVING
-1.367,-0.260,11.191,4.542,-27.160,STANDING
-1.315,-0.146,3.611,1.664,8.321,STANDING
-1.339,-0.094,36.847,-9.763,-0.130,STANDING
-1.359,-0.109,-12.740,1.344,2.985,STANDING
-1.324,-0.172,2.145,1.863,-26.656,STANDING
-1.332,-0.157,29.466,-4.130,-0.809,STANDING
-1.276,-0.118,3.954,-9.519,-9.664,STANDING
-1.268,-0.280,-61.878,22.809,28.863,STANDING
-1.463,-0.048,28.496,-31.473,-20.397,MOVING
-1.319,-0.209,-1.618,-14.420,-39.550,STANDING
-1.268,-0.150,-29.366,16.130,43.366,STANDING
-1.416,-0.344,-15.855,-8.198,-21.137,MOVING
-1.409,-0.220,-70.130,50.771,1.466,STANDING
-1.268,-0.254,-17.855,33.008,66.389,STANDING
-1.336,-0.245,15.168,12.305,-61.458,STANDING
-1.024,-0.273,-25.435,35.885,16.122,MOVING
-1.429,-0.116,-0.282,0.725,6.679,MOVING
-1.294,-0.061,-7.870,-2.099,6.786,STANDING
-1.322,-0.228,-2.817,-8.061,32.344,STANDING
-1.430,-0.163,33.389,0.802,45.214,STANDING
-1.311,-0.189,10.534,-4.237,-52.382,STANDING
-1.300,-0.227,5.565,-1.824,14.580,STANDING
-1.323,-0.155,47.832,-1.206,-24.687,STANDING
-1.394,-0.086,-3.351,5.878,7.527,STANDING
-1.296,0.007,-9.260,9.389,22.137,STANDING
-1.362,-0.115,-9.939,3.046,-5.679,STANDING
-1.152,-0.159,-3.779,-3.298,-38.748,MOVING
-1.344,-0.105,7.916,-0.061,35.252,MOVING
-1.393,-0.093,12.122,2.702,-53.160,STANDING
-1.180,-0.224,-23.832,13.519,48.168,MOVING
-1.421,-0.083,-2.863,7.496,6.870,MOVING
-1.220,-0.100,16.908,-19.412,-63.603,MOVING
-1.238,-0.252,7.481,-3.473,25.924,STANDING
-1.360,-0.250,-21.496,10.534,-6.969,STANDING
-1.198,-0.365,4.145,29.405,47.344,STANDING
-1.437,-0.191,8.992,4.847,-11.107,MOVING
-1.243,-0.146,-25.511,14.076,-10.176,MOVING
-1.309,-0.153,-45.870,5.519,73.115,STANDING
-1.315,-0.222,25.832,-3.038,-43.000,STANDING
-1.094,-0.121,-3.359,3.244,-1.153,MOVING
-1.286,-0.168,24.817,-9.542,-58.092,MOVING
-1.227,-0.107,-6.672,-0.656,38.855,STANDING
-1.339,-0.174,8.817,8.076,-6.489,STANDING
-1.115,-0.080,-10.176,2.573,22.305,MOVING
-1.236,-0.161,25.534,-5.763,-26.328,STANDING
-1.263,-0.140,15.802,-2.008,15.191,STANDING
-1.370,-0.148,-12.153,15.015,-15.382,STANDING
-1.150,-0.210,-3.481,-21.863,-0.191,MOVING
-1.546,-0.355,18.840,-11.252,-12.031,MOVING
-1.299,-0.164,25.405,-6.168,-40.573,MOVING
-1.263,-0.121,-23.328,10.084,31.145,STANDING
-1.418,-0.260,-16.015,0.458,-3.183,MOVING
-1.231,-0.202,-12.473,24.786,54.847,MOVING
-1.293,-0.195,24.198,-12.527,-34.107,STANDING
-1.225,-0.177,-29.015,27.336,-9.099,STANDING
-1.175,-0.055,29.061,-15.000,20.053,STANDING
-1.102,-0.162,9.420,22.809,-39.252,STANDING
-1.251,-0.055,10.878,-4.504,21.550,STANDING
-1.367,-0.113,11.748,-20.595,-4.916,STANDING
-1.161,-0.058,2.626,3.947,-6.313,MOVING
-1.392,0.102,23.656,-23.206,36.473,MOVING
-1.131,-0.311,12.618,-51.053,-18.969,MOVING
-1.343,-0.161,-13.427,15.740,5.260,MOVING
-1.014,-0.124,-2.473,1.550,-10.840,MOVING
-1.391,-0.205,26.580,-32.412,-20.282,MOVING
-1.171,-0.212,34.153,-31.496,-14.252,MOVING
-1.268,-0.201,-20.466,12.847,-21.786,STANDING
-1.273,-0.098,23.275,-4.122,24.969,STANDING
-1.242,-0.207,-47.252,-3.817,-18.206,STANDING
-1.252,-0.094,7.092,-1.985,-1.061,STANDING
-1.141,-0.182,55.672,-44.321,-28.733,STANDING
-1.117,-0.172,-1.885,13.969,-42.924,STANDING
-1.244,-0.175,14.206,-3.374,5.870,STANDING
-1.105,-0.283,19.885,2.809,-11.748,STANDING
-1.219,-0.243,16.000,6.115,0.603,STANDING
-1.175,0.003,24.672,0.748,1.275,STANDING
-1.227,-0.141,17.527,-2.221,-16.145,STANDING
-1.248,-0.276,-2.435,0.168,0.344,STANDING
-1.178,-0.224,-4.557,0.359,-2.656,STANDING
-1.155,-0.168,-0.924,-1.588,8.641,STANDING
-1.254,-0.185,1.771,7.809,-7.458,STANDING
-1.129,-0.083,2.672,0.519,0.779,STANDING
-1.241,-0.250,49.672,-18.756,-19.985,STANDING
-1.189,-0.185,-17.023,7.969,13.870,STANDING
-1.294,-0.129,17.008,0.748,-9.626,STANDING
-1.176,-0.294,-15.092,9.870,2.244,STANDING
-1.302,0.118,0.466,7.031,2.641,STANDING
-1.183,-0.266,-8.412,5.496,1.397,STANDING
-1.262,-0.021,-19.420,13.496,8.763,STANDING
-1.232,-0.214,6.565,-9.046,-7.504,STANDING
-1.226,-0.192,-13.046,1.870,-4.954,STANDING
-1.162,-0.234,-0.947,4.779,-7.573,STANDING
-1.194,-0.125,-28.695,23.176,14.687,STANDING
-1.296,-0.136,-10.916,-4.718,5.908,STANDING
-1.261,-0.297,8.519,-6.649,-6.145,STANDING
-1.240,-0.294,-26.359,15.092,-9.962,STANDING
-1.111,-0.194,-34.099,17.382,-15.267,STANDING
-1.038,-0.083,-12.893,2.618,-4.863,STANDING
-1.195,-0.306,-38.443,-8.069,63.794,MOVING
-1.338,-0.323,-19.931,10.565,12.496,STANDING
-1.050,-0.132,12.718,8.580,-37.878,MOVING
-1.207,-0.021,-19.427,-0.702,14.740,STANDING
-1.321,-0.227,-20.588,8.763,12.962,STANDING
-1.234,-0.337,115.405,-31.809,-22.267,STANDING
-1.327,-0.097,34.061,-13.603,-11.901,STANDING
-1.237,-0.147,-4.588,-1.191,-3.244,STANDING
-1.308,-0.184,-18.374,7.084,-0.206,STANDING
-1.271,-0.212,10.863,-4.496,-9.405,STANDING
-1.177,-0.181,-6.618,10.069,1.198,STANDING
-1.267,-0.208,-15.344,12.130,9.771,STANDING
-1.294,-0.164,-13.405,9.000,-6.244,STANDING
-1.305,-0.061,1.206,5.908,1.893,STANDING
-1.294,-0.149,10.870,-10.473,-6.832,STANDING
-1.259,-0.231,-1.962,-0.137,-4.427,STANDING
-1.272,-0.219,2.267,11.809,3.718,STANDING
-1.313,-0.040,1.603,-0.229,0.870,STANDING
-1.404,-0.270,-9.847,2.832,1.221,STANDING
-1.292,-0.036,13.382,-5.481,-7.198,STANDING
-1.270,-0.175,1.023,0.740,-3.374,STANDING
-1.263,-0.259,7.885,-2.053,-5.840,STANDING
-1.269,-0.283,-8.817,14.634,4.290,STANDING
-1.270,-0.120,-25.076,5.756,4.687,STANDING
-1.305,0.057,12.176,-6.153,-5.679,STANDING
-1.240,-0.424,-9.985,12.145,2.908,STANDING
-1.249,-0.444,-20.878,17.412,13.466,STANDING
-1.355,-0.070,7.458,5.481,-3.542,STANDING
-1.407,-0.223,-0.947,-2.153,1.763,STANDING
-1.355,-0.198,-35.183,8.817,9.374,STANDING
-1.250,-0.176,-36.985,38.824,5.695,STANDING
-1.235,-0.256,-19.947,22.756,8.679,STANDING
-1.231,-0.400,1.313,5.183,2.450,STANDING
-1.333,-0.195,-18.786,6.168,3.916,STANDING
-1.164,-0.029,-1.374,15.634,6.389,MOVING
-1.321,-0.100,26.565,0.137,-11.687,MOVING
-1.256,-0.089,-33.214,12.687,15.099,STANDING
-1.234,-0.024,41.840,-20.153,-18.275,STANDING
-1.339,-0.157,-9.847,5.382,1.977,STANDING
-1.194,-0.059,-2.603,-2.534,5.878,MOVING
-1.165,-0.083,-2.366,-5.489,-3.573,STANDING
-1.328,-0.168,-5.084,4.756,-9.863,MOVING
-1.302,-0.094,-1.710,3.053,-0.733,STANDING
-1.295,-0.104,-0.160,1.611,-0.855,STANDING
-1.302,-0.114,-2.305,3.649,-0.656,STANDING
-1.295,-0.107,-0.565,2.649,-1.198,STANDING
-1.294,-0.089,-0.878,2.832,-0.687,STANDING
-1.286,-0.124,1.229,1.733,-0.893,STANDING
-1.356,-0.135,-10.618,2.061,-4.771,STANDING
-1.243,-0.177,-5.450,-3.962,6.962,STANDING
-1.163,-0.167,1.092,9.191,-18.573,STANDING
-1.209,-0.225,-9.443,9.962,7.229,STANDING
-1.440,-0.198,21.802,-4.985,-9.840,MOVING
-1.089,-0.363,-21.000,21.206,3.565,MOVING
-1.355,-0.127,7.412,-8.603,-2.450,MOVING
-1.274,-0.230,-5.481,8.679,4.748,STANDING
-1.292,-0.196,6.198,0.046,-1.160,STANDING
-1.294,-0.184,0.389,1.244,-1.267,STANDING
-1.289,-0.203,-1.389,3.412,-0.557,STANDING
-1.282,-0.195,-1.771,3.908,-0.580,STANDING
-1.285,-0.194,-0.031,2.588,-0.771,STANDING
-1.285,-0.194,-1.305,3.794,-0.450,STANDING
-1.294,-0.189,-0.244,3.412,-0.855,STANDING
-1.288,-0.178,0.870,1.733,-1.290,STANDING
-1.281,-0.185,-1.130,2.756,-0.939,STANDING
-1.279,-0.199,-0.855,3.267,-0.679,STANDING
-1.280,-0.191,5.824,-0.794,5.275,STANDING
-1.254,-0.151,10.008,-2.214,-3.916,STANDING
-1.298,-0.169,1.847,1.740,-2.672,STANDING
-1.299,-0.171,2.145,1.740,-1.290,STANDING
-1.295,-0.174,-2.328,3.710,-0.916,STANDING
-1.286,-0.183,-1.924,3.992,-0.557,STANDING
-1.297,-0.177,0.237,2.771,-1.954,STANDING
-1.287,-0.171,-0.794,3.550,-0.725,STANDING
-1.287,-0.158,1.733,2.267,-0.962,STANDING
-1.318,-0.117,-4.427,6.527,0.260,STANDING
-1.305,-0.133,0.718,0.359,-1.786,STANDING
-1.308,-0.163,10.305,-3.962,-8.595,STANDING
-1.266,-0.226,-6.725,2.542,8.260,STANDING
-1.240,-0.207,-6.672,-2.008,-9.748,STANDING
-1.287,-0.166,25.603,17.344,12.756,STANDING
-1.356,-0.234,-2.672,7.916,-0.534,STANDING
-1.203,-0.190,-2.733,-3.290,-3.229,MOVING
-1.327,-0.057,-6.290,10.679,-3.534,STANDING
-1.305,-0.093,3.473,2.305,-0.198,STANDING
-1.300,-0.094,0.534,2.519,-0.252,STANDING
-1.299,-0.097,-0.588,2.481,-0.183,STANDING
-1.279,-0.119,-0.336,1.221,-1.351,STANDING
-1.200,-0.132,14.977,-7.076,-2.802,STANDING
-1.340,-0.160,-0.580,2.321,-1.908,STANDING
-0.922,0.064,-5.351,-1.031,-25.420,MOVING
-1.234,-0.113,14.290,-6.649,9.908,MOVING
-1.329,-0.105,-32.511,21.214,14.511,STANDING
-1.298,-0.110,11.427,-4.695,-3.328,STANDING
-1.279,-0.093,0.351,-2.710,-5.618,STANDING
-1.239,-0.113,-20.160,11.885,-6.878,STANDING
-1.284,-0.116,5.504,-6.611,-6.122,STANDING
-1.223,-0.198,-2.771,9.153,2.344,STANDING
-1.344,0.092,13.145,-7.282,3.160,STANDING
-1.189,0.104,-2.290,8.031,-4.962,MOVING
-1.301,0.013,-18.756,14.344,3.511,STANDING
-1.245,-0.125,6.863,8.786,-0.718,STANDING
-1.250,-0.215,-15.763,8.634,1.718,STANDING
-1.161,-0.201,-14.046,-7.565,-26.076,STANDING
-1.230,-0.186,-37.840,31.664,47.763,STANDING
-0.978,-0.168,-11.366,10.977,59.809,MOVING
-1.197,-0.171,-7.237,10.206,19.412,MOVING
-1.205,-0.097,10.389,6.763,-94.214,STANDING
-1.231,-0.350,4.412,4.863,17.420,STANDING
-1.322,-0.195,4.344,8.038,3.221,STANDING
-1.155,-0.222,17.176,3.443,-28.595,MOVING
-1.279,-0.246,-11.534,14.695,-1.267,STANDING
-1.161,-0.220,3.954,-9.847,5.183,STANDING
-1.319,-0.172,-13.771,15.046,55.191,STANDING
-1.325,-0.090,22.275,-14.588,-33.008,STANDING
-1.221,-0.321,-20.603,23.656,23.076,STANDING
-1.451,-0.230,10.244,8.954,-8.229,MOVING
-1.293,-0.200,-22.740,16.992,7.443,MOVING
-1.070,-0.198,-3.656,20.115,14.656,MOVING
-1.320,-0.191,-12.641,11.954,1.038,MOVING
-1.242,-0.137,67.802,-12.618,-5.557,STANDING
-1.227,-0.161,28.260,-8.122,-10.244,STANDING
-1.310,-0.201,-16.443,10.618,6.901,STANDING
-1.212,-0.182,-15.847,10.847,3.053,STANDING
-1.232,-0.208,10.229,-8.107,-5.313,STANDING
-1.307,0.014,11.443,-4.534,-2.198,STANDING
-1.297,-0.152,-18.588,20.374,4.206,STANDING
-1.298,-0.249,-40.038,24.870,15.305,STANDING
-1.305,-0.117,-11.901,-0.015,-9.122,STANDING
-1.181,-0.029,3.573,-6.282,-1.359,STANDING
-1.333,0.049,21.405,-14.405,-3.458,MOVING
-1.150,0.062,-8.443,11.206,0.740,MOVING
-1.147,-0.108,25.168,-11.557,-9.244,STANDING
-1.225,-0.176,21.153,-14.595,-13.374,STANDING
-1.252,-0.082,12.672,-15.000,-10.374,STANDING
-1.196,-0.076,-14.725,10.351,2.397,STANDING
-1.236,-0.182,19.901,-12.260,-10.725,STANDING
-1.327,0.046,7.733,-4.290,-5.366,STANDING
-1.227,-0.185,-19.397,18.206,3.481,STANDING
-1.266,-0.115,27.573,-19.557,-10.809,STANDING
-1.317,-0.017,-29.237,21.924,8.985,STANDING
-1.190,-0.164,23.160,-14.122,-8.901,STANDING
-1.309,-0.168,-5.366,3.420,-3.191,STANDING
-1.191,-0.182,-1.740,-1.115,-4.985,STANDING
-1.265,-0.240,-38.099,16.443,17.962,STANDING
-1.379,-0.397,-13.748,1.962,32.687,STANDING
-1.245,-0.194,15.046,-15.069,-1.427,MOVING
-1.199,-0.361,-7.794,6.985,9.382,STANDING
-1.295,-0.135,15.374,-7.298,-13.115,STANDING
-1.134,-0.202,-14.328,18.313,14.954,STANDING
-1.226,-0.102,-17.740,13.702,26.992,STANDING
-1.298,-0.036,3.000,-0.443,-69.031,STANDING
-1.323,-0.341,-14.649,-0.878,21.443,STANDING
-1.323,-0.204,9.153,1.160,7.046,STANDING
-1.161,-0.216,-16.695,8.954,50.099,MOVING
-1.313,-0.253,-2.664,1.878,-14.099,MOVING
-1.122,-0.325,8.519,-20.962,-15.183,MOVING
-1.137,0.042,-27.832,42.718,-6.481,STANDING
-1.363,-0.138,41.435,-25.130,-39.282,MOVING
-1.280,-0.198,1.412,20.534,48.534,STANDING
-1.299,-0.144,2.947,0.519,-3.038,STANDING
-1.285,-0.172,-9.374,9.565,7.206,STANDING
-1.323,-0.159,-3.397,1.282,-5.473,STANDING
-1.339,-0.173,-17.267,10.992,7.710,STANDING
-1.306,-0.118,5.870,5.565,-3.878,STANDING
-1.320,-0.114,-1.550,3.176,0.672,STANDING
-1.282,-0.134,-10.282,-3.221,-22.107,STANDING
-1.128,-0.246,15.031,-13.336,16.802,STANDING
-1.274,-0.088,-5.725,17.313,4.351,STANDING
-1.224,-0.211,-2.298,-24.214,-5.344,STANDING
-1.299,-0.253,-56.649,44.313,77.847,STANDING
-1.355,-0.282,4.435,-1.244,11.893,STANDING
-1.082,-0.211,9.290,-1.473,-49.656,MOVING
-1.277,-0.235,-0.511,11.115,25.847,MOVING
-1.291,-0.128,-8.466,15.321,-20.687,STANDING
-1.298,-0.238,-21.221,22.191,64.939,STANDING
-1.381,-0.199,-0.046,1.786,-19.504,STANDING
-1.150,-0.142,-21.122,-2.023,13.176,MOVING
-1.418,-0.032,5.153,-7.954,-5.802,MOVING
-1.232,-0.220,3.687,-4.557,-21.107,MOVING
-1.210,-0.146,8.191,-2.664,8.756,STANDING
-1.186,-0.080,-1.267,-2.756,-48.168,STANDING
-1.144,-0.150,-5.145,17.695,11.366,STANDING
-1.285,-0.005,-45.160,33.229,14.504,STANDING
-1.274,-0.176,21.420,-5.275,-4.809,STANDING
-1.220,-0.251,-16.771,29.626,20.947,STANDING
-1.288,-0.196,0.626,17.504,7.290,STANDING
-1.296,-0.198,61.519,-0.718,-4.115,STANDING
-1.330,-0.083,23.588,-10.580,-5.557,STANDING
-1.303,-0.195,-7.641,-7.435,-4.603,STANDING
-1.271,-0.347,-5.473,-7.641,-7.298,STANDING
-1.301,-0.314,0.580,4.466,2.168,STANDING
-1.282,-0.294,3.107,7.122,2.977,STANDING
-1.324,-0.175,8.863,14.855,10.664,STANDING
-1.366,-0.188,-6.756,-25.153,-41.031,STANDING
-1.285,-0.162,24.382,11.076,46.916,STANDING
-1.380,-0.113,-23.496,3.229,8.565,STANDING
-1.403,-0.174,-22.221,1.718,-12.053,STANDING
-1.209,-0.439,13.733,2.992,24.450,STANDING
-1.330,-0.187,13.565,6.527,-6.244,STANDING
-1.243,-0.251,-39.450,36.076,20.015,STANDING
-1.265,-0.071,-20.962,8.870,3.046,STANDING
-1.365,-0.223,3.870,-14.198,26.511,STANDING
-1.264,-0.275,40.756,-10.924,-41.305,STANDING
-1.243,-0.316,-18.649,-14.565,-51.336,STANDING
-1.291,-0.294,5.809,5.718,12.359,STANDING
-1.289,-0.170,-7.824,11.740,-7.702,STANDING
-1.130,-0.319,-9.153,-32.435,56.656,STANDING
-1.326,-0.304,-9.443,5.779,1.176,MOVING
-1.274,-0.281,9.496,-6.000,-8.756,STANDING
-1.256,-0.267,-7.496,9.908,2.908,STANDING
-1.242,-0.361,-5.176,1.405,-2.290,STANDING
-1.258,-0.262,-24.473,24.145,8.183,STANDING
-1.276,-0.271,-21.542,8.130,6.282,STANDING
-1.256,-0.256,0.450,-6.832,-10.420,STANDING
-1.223,-0.350,4.466,-2.221,5.977,STANDING
