AcX,AcY,AcZ,GyX,GyY,GyZ,Activity
-2648,-2400,15648,-205,-284,-1616,standing
-2168,-536,15816,71,-1563,-431,standing
-1788,264,15860,-34,931,-3888,standing
-1820,-44,15928,-400,819,-926,standing
-1196,-856,15912,-440,-707,-35,standing
-1560,-88,15872,-402,-241,465,standing
-1088,-348,15892,-316,-202,-47,standing
-388,-1532,15936,-431,112,-72,standing
-828,-788,15800,487,111,-3281,standing
-800,-1376,15856,104,543,-2760,standing
-696,-720,15760,444,1240,-4881,standing
-1016,-604,15808,424,400,-4420,standing
-1568,380,15972,259,1108,-2997,standing
-1008,48,16104,-1424,-1348,3296,standing
-664,88,15832,-707,252,1091,standing
-772,1156,16156,-180,-2683,-529,standing
864,-2588,15816,-437,-159,249,standing
608,-3760,15644,-313,1769,-4881,standing
-2828,1652,16296,875,2286,-6326,standing
-1808,1744,16348,-912,-1611,3198,standing
1700,-4444,15696,-1726,-1588,3644,standing
-120,-3208,15660,151,1526,-4998,standing
-1580,252,16052,817,1448,-4775,standing
-2196,1776,16256,894,1078,-4158,standing
-2160,2536,16412,-1339,-1219,3332,standing
2448,-3380,15724,-1721,-3707,5290,standing
2140,-5260,15508,-689,840,-1006,standing
-340,-2936,15688,-1192,2670,-505,standing
-2320,-708,15784,-620,-872,302,standing
-1916,-1012,16608,-367,-1021,-340,standing
-2304,-1280,16476,-1668,-1485,123,standing
-1296,-2356,15524,-669,-1598,1301,standing
-12,-544,16260,-667,191,370,standing
-744,-4120,15408,-886,945,3852,standing
252,-2084,15920,-738,-49,2191,standing
1188,-4076,15660,-651,568,2518,standing
988,-5612,15304,-794,1313,-1667,standing
0,-4460,15484,15,1373,-4008,standing
-1724,348,16016,1222,2362,-4851,standing
-1928,2308,16464,146,-1458,-676,standing
-1904,1488,16248,-644,-1448,1364,standing
-760,260,16152,-796,-1141,1840,standing
-172,-1184,15864,-713,-906,1904,standing
308,-1248,15820,-419,-268,-488,standing
-280,-1200,16072,-432,66,184,standing
-604,-1856,15920,-1240,3006,-710,standing
-24,-1408,16088,-634,1372,-1692,standing
-1120,-2180,15716,-305,-40,-2412,standing
-2252,-2040,15600,263,1450,-2966,standing
-1524,-64,16268,-1345,-2695,3148,standing
-1200,-3008,15508,863,2239,-5794,standing
-964,-532,16012,-1159,-4083,6153,standing
1440,-4600,15232,466,1364,-4516,standing
-3304,-1200,15872,1272,2831,-4558,standing
-704,-600,16028,-1604,-3789,7269,standing
1512,-4580,15704,-686,736,155,standing
-268,-3576,15672,-154,1207,-4905,standing
-1244,-240,15952,112,-1545,-2969,standing
-1380,204,16064,-1197,-3135,5123,standing
488,-3072,15668,536,3103,-11175,standing
-2304,-148,16160,-1363,-1589,1351,standing
2852,-1268,16160,-19,-1395,-2821,standing
-2356,-2588,15200,1006,3728,-9316,standing
-4160,1688,16552,-2005,-2866,8130,standing
-24,-2992,15628,708,4605,-10494,standing
-88,-2200,15840,-2446,-12312,17291,standing
-2940,2072,16412,-1137,-40,6713,standing
-3600,1140,16172,-682,66,2669,standing
-1076,348,15944,1749,6165,-11132,standing
2128,-6708,15532,-67,-3768,-4475,standing
1660,-5700,15288,-708,-4592,-2390,standing
1992,-4372,15640,-1391,-5235,6475,standing
-2228,1040,16200,-843,-1068,2432,standing
676,-2236,15696,-124,3384,-4440,standing
428,-592,16228,-811,-2180,6540,standing
1408,-5004,15704,-97,500,-4160,standing
364,-1340,15884,-1744,-2377,8878,standing
-1572,600,16412,-124,3319,-3733,standing
1192,-3696,15848,291,33,-6685,standing
1408,-3848,15872,-159,-3400,1050,standing
-3544,2772,16272,-316,29,2359,standing
3200,-4472,15628,-151,6683,-8986,standing
1668,-1988,15648,-566,-5282,7745,standing
-3868,4160,16868,-829,529,737,standing
1644,-4004,15576,-269,2656,-5593,standing
2904,-6440,15536,-1392,-4170,1199,standing
-2288,2568,16352,-1267,-936,4096,standing
428,-2804,15668,59,3935,-6306,standing
-1064,-3564,15584,454,3009,-8901,standing
20,-4716,16060,900,-803,-9396,standing
-3132,2656,16208,-68,-47,-2435,standing
780,-5184,15612,-1588,-3841,4495,standing
-4984,3308,15940,1218,4867,-6730,standing
1760,-7328,15420,-482,-6179,161,standing
-3648,2176,16188,340,2279,-1448,standing
1220,-5636,15412,-1999,-2097,6141,standing
2876,-3384,15884,-123,-2713,-605,standing
1004,-948,16152,-423,-327,-2783,standing
-1672,2996,16368,-671,-2769,4745,standing
3272,-5288,15468,-69,2935,-8953,standing
760,312,16144,-546,-2734,7755,standing
2092,-2776,15584,-519,2031,-580,standing
-60,-712,15912,126,2450,-7466,standing
-284,-2196,15500,1231,3647,-12474,standing
-1316,1496,16288,-668,-1835,4775,standing
1924,-4260,15448,-204,1645,-5792,standing
-2028,1984,16344,487,2669,-5581,standing
-2120,2868,16372,-1176,-2716,4546,standing
36,1220,16196,-1262,-3994,7964,standing
4044,-7240,15032,-1097,-3673,2939,standing
1568,-3276,15504,-80,5052,-9935,standing
-3148,3132,16536,638,2262,-5808,standing
168,1400,16060,-1738,-3275,7915,standing
4120,-8588,15388,-864,-1862,-565,standing
184,-84,16028,-324,2250,-6407,standing
2444,-3028,15840,-493,1130,-1724,standing
1988,-2112,15928,96,1311,575,standing
696,-1800,15860,-813,-1110,6126,standing
-1216,84,16100,491,-2267,7457,standing
-1984,2980,16496,-235,-1224,2302,standing
2328,-5904,15580,-1231,1167,-3717,standing
-1464,-1432,15688,872,5500,-15502,standing
-884,396,15972,758,3502,-7982,standing
152,-3888,15592,1218,3425,-8628,standing
176,-3712,15512,723,5433,-9801,standing
-2332,1524,16096,1404,2137,-7404,standing
-1196,3660,16568,377,-6963,-1274,standing
-128,-400,16632,529,-4098,8641,standing
1160,-1992,15900,-2432,53,2510,standing
-152,-2176,15840,-1008,634,2922,standing
-272,-2636,15756,-450,-195,-1224,standing
-1012,-3412,15748,-418,2439,-3171,standing
2384,-3776,15980,-253,-2511,-5795,standing
508,-5492,15456,300,246,-2004,standing
3092,-6072,15092,-166,1487,-10300,standing
1156,-2848,15856,964,2394,-3591,standing
-1020,-1764,15676,215,4893,1342,standing
-592,-1096,15396,-721,1749,1015,standing
-1252,-1536,15752,-80,3759,-3601,standing
-2216,732,16276,2008,3869,-11362,standing
1316,-5428,15404,-176,-5942,2392,standing
-760,2416,16356,781,4531,-4528,standing
-2212,980,15984,829,2516,-3033,standing
-1736,556,16212,-254,112,-2498,standing
-2320,-1008,18116,48,1012,-1332,standing
-956,-1508,15080,-390,-1842,-1135,standing
-696,-1216,16128,325,-3671,-2360,standing
1748,-4296,15724,-1084,-1777,3878,standing
-200,-812,15984,396,1779,-5539,standing
2396,-4580,15620,-740,-1551,4369,standing
-336,-668,15920,143,2751,-4450,standing
816,-428,15980,-818,-1511,5327,standing
852,-1948,15700,-620,251,964,standing
1916,-2640,15756,-2330,5547,-838,standing
-1508,-3124,15164,488,1595,-7232,standing
-1512,-1004,15868,-729,-4381,-4152,standing
-1328,752,16384,1088,2717,-1923,standing
72,-936,15220,-342,1715,151,standing
1736,-3440,15612,-2127,-1655,10909,standing
1992,-4380,15716,-548,-696,282,standing
1092,-3340,15732,-1085,-2294,453,standing
2388,-4628,15796,-67,286,-9038,standing
-1932,2296,16556,400,3437,-3419,standing
312,-2392,15836,-1214,1166,-2185,standing
432,-1364,15972,-486,173,-546,standing
864,-1484,15992,-581,970,521,standing
408,-1740,16004,-743,273,1666,standing
164,-2432,15832,-438,-186,278,standing
80,-1740,16072,-241,-37,-679,standing
36,-1856,15980,-266,79,-721,standing
796,-952,15872,-978,-1908,4216,standing
776,-676,16036,599,1511,-5299,standing
1244,-3108,15748,-680,-1363,1809,standing
-304,492,16388,-946,246,1390,standing
424,-824,16168,-227,535,-1826,standing
972,-600,15880,-45,-245,-1391,standing
1076,-1452,15972,-95,611,-748,standing
480,4,16096,-673,-718,651,standing
328,-256,16012,-785,-599,2074,standing
3540,-3524,15368,-2062,-3530,6866,standing
992,-1192,15880,-537,-852,-1274,standing
1956,-1460,15876,-710,-304,-3102,standing
2208,-1496,15784,-885,349,-1596,standing
3440,-2324,15788,-172,-721,-2384,standing
2252,-1656,15928,-767,1370,-2918,standing
1384,-1888,16032,-254,164,-1274,standing
1896,-3164,15636,-643,1958,-1923,standing
1044,-3232,15736,-426,-1776,4834,standing
860,-1108,16000,-395,-233,-104,standing
-2052,-2744,15928,-97,3067,763,standing
-1312,-1416,15980,137,97,-399,standing
-400,-1836,16076,-645,556,-1851,standing
-1228,-2844,15752,-339,-2028,-824,standing
964,-1148,16232,419,-2893,-1080,standing
0,-1620,15956,-851,1624,-191,standing
12,-2260,16100,-322,-420,312,standing
-364,-2200,15868,-455,-876,414,standing
484,-1780,15888,99,547,-4411,standing
-80,-720,15960,-1622,-2874,7891,standing
1044,-4088,15808,-1670,895,2031,standing
-544,-2364,15976,-1989,-1996,1781,standing
-3424,-2848,15480,-694,-26,-3951,standing
-3036,756,15984,148,-6104,9602,standing
516,-1904,15896,-606,-3904,2780,standing
-660,-404,15788,2261,863,-9050,standing
48,-1268,15848,-618,479,1385,standing
396,-436,16464,573,-1172,-373,standing
-2536,804,15992,298,-2143,-4025,standing
2976,-3832,15968,-1456,-4800,-605,standing
-1700,2212,16168,-978,-754,4207,standing
-488,-784,15988,440,4131,-7633,standing
-1616,1060,16088,-726,-918,1920,standing
-480,-124,16132,-643,-1452,2631,standing
500,124,15992,-817,-1738,3630,standing
1764,-1780,15868,-885,-2401,4999,standing
2000,-3888,15800,-312,946,-3475,standing
364,-2860,15664,-92,1495,-4892,standing
-624,-1288,15704,547,2329,-7936,standing
608,-3356,15908,-393,-1045,1955,standing
888,-1248,15956,-403,802,-2639,standing
-56,-60,15888,222,543,-3101,standing
-324,-360,16000,-427,-1150,534,standing
1976,-1332,15904,-369,-1292,975,standing
2548,-2020,15664,-183,771,-5905,standing
532,316,16252,-327,-85,501,standing
2168,-1704,15732,-332,-951,1426,standing
1680,-528,16016,-821,389,1623,standing
1716,-984,15904,-374,-252,-841,standing
1704,-1068,15904,-475,287,-229,standing
1884,-964,15940,-339,-280,-242,standing
1468,-1060,15868,-453,85,99,standing
1548,-924,15948,-513,-149,127,standing
1804,-1116,15896,-656,-49,-41,standing
1456,-1568,15884,-1310,567,-510,standing
804,-1044,15920,-708,1566,-955,standing
404,-1288,15924,-1490,183,2791,standing
1612,-2552,15872,-936,617,261,standing
1096,-2868,15732,-245,180,-921,standing
884,-1964,15896,-242,496,-671,standing
-28,-692,15944,571,3395,-5819,standing
708,-1112,16072,-928,-1689,2358,standing
852,-1476,16160,-504,1393,-1883,standing
780,-3108,15812,-357,-308,-1539,standing
836,-2584,15816,-674,-699,-1613,standing
1120,-2012,15776,-348,-538,-1077,standing
-52,-2220,15836,-557,-1132,5368,standing
2324,-3132,15844,-645,-1958,562,standing
1084,-1276,15948,-345,-1167,284,standing
1644,-1372,16068,-1040,-2112,2033,standing
1536,-2584,15636,-338,-319,-1727,standing
672,-3068,15808,-372,-1250,1178,standing
788,-3356,15652,-347,-297,-2698,standing
888,-1168,16068,-611,-309,1975,standing
1408,-2056,16020,-472,-745,879,standing
1708,-1616,15692,-375,-494,-2698,standing
1700,-2864,15820,-413,-142,-3110,standing
504,-1280,16016,-636,622,996,standing
2784,284,16028,577,-804,-1011,standing
2380,372,16372,-234,-1291,353,standing
372,-2464,15876,-1392,-2617,2283,standing
1300,-2296,15712,-222,644,368,standing
1484,-776,16164,-203,964,1813,standing
3080,1068,16440,630,-86,-3466,standing
1868,-856,15936,155,-2928,-2573,standing
408,-424,16084,-444,-863,667,standing
664,-2068,15980,-148,-1643,-2340,standing
260,-3148,15632,-652,30,-2003,standing
1664,-1932,15804,-538,66,-5031,standing
1876,-816,16104,-1584,-216,3340,standing
1680,-524,15912,468,-1138,-2492,standing
832,-2964,15828,-960,-1330,662,standing
760,-2948,15776,-588,1001,37,standing
196,-1956,15968,-812,-319,3829,standing
-1624,-4136,15472,-1153,920,9501,standing
-312,-3932,15712,-29,-840,-4019,standing
-1868,-2152,15436,681,2380,-6720,standing
-1428,-2816,15960,-1500,-16,4944,standing
232,-2832,15596,-1189,-619,1068,standing
-2972,-5844,15152,505,1633,-3918,standing
572,604,16524,20,-628,4003,standing
124,-3500,15752,175,-1861,-4305,standing
-836,-1112,16128,-715,-1324,6965,standing
-240,-88,16008,139,-749,5411,standing
-1340,-2168,15804,1353,-906,-7578,standing
-1464,-1880,15916,-298,250,-171,standing
-644,-1620,15904,-525,226,652,standing
-1236,-1636,15788,-618,118,-1159,standing
-832,-1980,15876,-539,-824,-1622,standing
-720,-720,15980,-1058,1533,-4545,standing
72,-2620,15844,-892,-1414,-2707,standing
700,-2588,15768,-363,-1748,-2685,standing
1124,-1636,15848,605,-40,-5143,standing
1116,-616,16124,-730,-158,1403,standing
1392,-1828,15768,-456,-171,-308,standing
1268,-2640,15824,-253,1338,-1706,standing
776,-2440,15832,-540,555,-286,standing
-440,-2800,15692,-1594,531,6795,standing
796,-2504,15904,-613,-589,758,standing
1064,-2220,15776,-67,809,443,standing
-248,-2144,15800,-744,-888,5081,standing
872,-1076,16100,86,661,-627,standing
-320,-2908,15792,-709,-769,1224,standing
400,-1656,16012,-821,-209,1917,standing
112,-1244,15968,-258,89,-1637,standing
860,-1924,16016,-105,-495,-3834,standing
48,-2016,16072,-397,-556,-1928,standing
100,-2496,15744,-452,-1302,-1622,standing
528,-2044,15972,-342,-622,-93,standing
1096,-2188,15824,-399,-60,242,standing
732,-744,16244,-1092,50,3690,standing
1204,-804,16148,-781,-69,1851,standing
736,-1468,15936,-581,43,732,standing
316,-2144,15860,-683,17,1759,standing
684,-2432,15968,-697,551,1195,standing
904,-2296,15960,-280,-294,-194,standing
520,-1732,16000,-86,52,899,standing
312,-2512,15924,-410,-352,2472,standing
856,-460,16036,209,-126,16,standing
348,-2040,15992,-249,-476,-260,standing
412,-1772,15760,-354,49,-2213,standing
1036,-1024,15896,-110,513,-2085,standing
4,-1272,15964,-514,148,918,standing
-92,-956,15876,-666,597,180,standing
360,564,16408,34,919,-2837,standing
-400,-740,16016,-739,-957,1977,standing
184,-1788,15944,-923,-830,-1717,standing
-60,-1260,15992,-1054,-87,-2992,standing
1012,-2544,15868,-1194,-257,1062,standing
1660,-2432,15600,-534,-727,-1451,standing
1336,-2012,15860,-731,504,274,standing
1984,-2460,15728,-757,1132,2623,standing
2956,-348,16112,1090,-205,-6238,standing
572,-3560,15548,-659,-67,469,standing
2168,-660,15872,33,-625,-303,standing
800,-2520,15792,-677,251,4647,standing
1664,-1828,16092,-141,-133,-1773,standing
-36,-744,16176,-377,1418,3013,standing
964,-1148,16028,-93,-1800,303,standing
-1188,-3780,15620,-478,-795,1173,standing
-1652,-3668,15548,-506,-425,2792,standing
736,-168,16256,-279,366,4055,standing
-1368,-3204,15632,-467,-543,227,standing
364,920,16420,-115,237,11,standing
-508,-1912,15860,421,-957,-5299,standing
-1088,-1544,16092,-881,-531,2697,standing
-316,-1616,15996,-568,-971,-1530,standing
600,-1492,15864,-624,-602,-4716,standing
-144,-880,16116,-1480,679,2210,standing
80,-2996,15800,-993,-1279,-1732,standing
552,-2232,15976,-559,-503,281,standing
-88,-2664,15784,-573,-448,1025,standing
-768,-2496,15904,-293,-144,-210,standing
-636,-2032,15884,-237,-577,58,standing
-196,-2720,15844,-519,480,-176,standing
-1184,-2068,15816,224,355,-5251,standing
-1212,-3104,15584,-1278,633,1200,standing
-168,-1752,15904,-199,-414,-1920,standing
-808,-224,16928,-894,138,3920,standing
-1432,-3164,15516,-497,-610,-374,standing
188,-1108,16056,-147,-1026,-777,standing
-180,-3372,15556,-231,-604,-3792,standing
-1032,-4272,15536,-1101,917,1366,standing
-196,-1380,16164,-273,-607,1067,standing
-1504,-3496,15784,-788,212,1394,standing
132,-1632,15988,-41,-182,-2353,standing
-972,-2324,15692,-464,22,-320,standing
-1136,-3664,15452,40,-428,-3217,standing
-1024,-1736,15960,-1011,741,3024,standing
-1844,-4204,15228,-576,-833,-2329,standing
-1256,-3456,15604,-1092,-492,2267,standing
-380,-2268,15896,-467,-643,-1469,standing
-32,-2432,15832,-417,-378,-1632,standing
440,-2652,15800,-567,-125,-356,standing
644,-2588,15868,-462,-592,542,standing
-1016,-3276,15428,630,3933,-4810,standing
-1928,-1588,15880,-742,-1622,1222,standing
-1552,-3008,15520,-28,1145,-80,standing
-1424,-3108,15832,-1489,-1473,5885,standing
-208,-1012,15996,63,592,-1561,standing
-2092,-4912,15168,-1343,-974,4848,standing
124,-1828,16056,-909,-601,1882,standing
84,-2604,15924,-517,-378,-783,standing
880,-1572,15876,-215,-265,-1472,standing
-332,-3376,15700,-569,-265,-221,standing
304,-2448,15872,-393,-164,203,standing
92,-2440,15852,-372,-104,453,standing
372,-1924,16048,-502,-77,1086,standing
776,-296,16472,-577,133,511,standing
-136,-2432,15828,-503,-244,-724,standing
32,-2232,15816,-308,-317,-148,standing
-124,-2192,15928,-602,-141,-357,standing
-128,-2456,15756,-649,-2,-622,standing
368,-2096,15924,-660,111,-552,standing
112,-2680,15920,-524,-288,-178,standing
100,-2712,15868,-489,-9,59,standing
-532,-3020,15684,-711,561,1317,standing
12,-3352,15740,-647,112,2054,standing
-380,-3252,15716,-175,362,866,standing
-624,-3408,15484,-72,-649,2169,standing
-1492,-1428,16016,-36,301,935,standing
-784,-2016,15788,-687,-860,239,standing
-848,-1872,15956,-641,1118,-1492,standing
-1368,-2056,15816,-542,241,-2995,standing
-124,-1540,15952,-695,-1285,-2060,standing
884,-3852,15660,-899,-1906,-237,standing
436,-2336,15768,-414,-732,-782,standing
528,-2540,15924,-681,389,884,standing
472,-2584,15736,-371,-58,-101,standing
560,-2536,15928,-334,-11,-71,standing
548,-2040,15856,-166,-201,850,standing
316,-2172,15956,-388,-67,6,standing
280,-2292,15848,-377,-127,-727,standing
832,-372,16232,-822,715,3543,standing
-568,-1760,16004,-553,398,257,standing
-1788,-2276,15856,-501,-103,5868,standing
44,-2724,15792,-547,-2557,1943,standing
-620,-1588,15856,66,-1749,2311,standing
1464,-1996,15936,-389,-1451,169,standing
-1072,1128,16804,1960,3990,1280,standing
-128,120,16364,-497,-785,3232,standing
-120,-2136,16128,-297,-2426,-1446,standing
-256,-1800,15956,-1111,657,424,standing
-1256,-1544,15804,-895,1657,-4001,standing
-364,-2724,15644,492,729,-8327,standing
-1480,-4120,15260,-1606,-206,-2343,standing
1140,-3032,15712,-305,-3918,-24,standing
1308,-408,16064,-1124,1324,-2960,standing
-224,-2312,15992,159,974,-3740,standing
-2388,-3020,14540,-1102,1734,-697,standing
-1596,-2784,15816,960,-2929,-284,standing
-844,-1600,16076,-223,-270,-1344,standing
-1260,-1680,16024,-560,-827,-2572,standing
552,-1876,15904,-709,-1050,298,standing
1976,-2340,15820,-343,31,-2684,standing
1836,-1300,15916,-427,221,-314,standing
1196,-2028,15768,-423,763,2113,standing
1420,-2844,15988,-376,890,-950,standing
-216,-2036,15688,-762,-142,5705,standing
-976,-2144,15800,177,767,552,standing
-848,-2380,15840,-51,-810,1734,standing
-1560,-1160,15900,-92,1153,-625,standing
-3184,-2716,15364,-1203,1099,1534,standing
-2556,-2776,15372,-1337,1462,1339,standing
-1648,-2888,15260,-1255,-2156,-245,standing
144,-2188,15968,129,-3556,-1657,standing
1060,-4048,15536,-1046,872,3562,standing
-84,-4248,15176,635,2184,-200,standing
188,-3076,15768,-292,-1167,3068,standing
1388,-1324,15952,-71,-837,-295,standing
-676,-3720,15924,-1399,-161,3992,standing
1120,-2432,16004,82,-603,-3518,standing
460,-2160,15924,-803,546,3526,standing
-320,-2492,15748,-835,-1027,5168,standing
-64,-3940,15480,65,-810,-3558,standing
-172,-2296,15936,-429,90,1062,standing
120,-2572,16032,-409,-1149,460,standing
436,-1656,15864,-161,-879,-240,standing
296,-2484,15904,-516,-155,711,standing
532,-1960,16064,-584,-10,-25,standing
488,-2336,15820,-485,-188,-200,standing
704,-2276,15896,-403,-573,-117,standing
708,-2328,15804,-341,32,-366,standing
932,-2068,15920,-432,-253,-87,standing
724,-2176,15832,-453,-252,-311,standing
828,-2300,15908,-545,-178,10,standing
780,-2432,15748,-431,-291,-201,standing
824,-2260,15772,-529,130,-11,standing
1012,-2512,15848,-425,-182,-66,standing
888,-2380,15780,-456,-66,-70,standing
984,-2284,15840,-406,-79,-168,standing
860,-2372,15876,-435,-105,-347,standing
736,-2300,15856,-426,157,-491,standing
836,-2332,15880,-408,-167,-154,standing
972,-2376,15996,-416,-292,-240,standing
1072,-2340,15856,-458,-147,-368,standing
996,-2188,15768,-412,-286,-96,standing
872,-2128,15884,-497,-61,-259,standing
956,-2244,15960,-434,-214,-193,standing
1104,-2296,15880,-449,-374,-103,standing
980,-2480,15780,-471,-235,15,standing
1084,-2556,15876,-539,-50,-276,standing
688,-1772,16112,-695,39,3947,standing
1280,-2156,15752,-346,-423,-1635,standing
496,-3332,15752,-519,-380,-299,standing
828,-1684,16012,-537,-119,2836,standing
1320,-3020,15644,-538,-99,-4062,standing
280,-724,16164,-1061,-1046,3038,standing
968,-3980,15576,-787,22,-2268,standing
748,-2848,15704,-368,-2696,4266,standing
1360,-1752,15888,-363,-145,1747,standing
1804,-1108,15928,-378,495,-60,standing
1804,-2328,15780,-270,26,-603,standing
1520,-2312,15936,-778,1082,-7,standing
1084,-2236,15888,-346,-342,-489,standing
1308,-2272,15792,-361,-221,-114,standing
1548,-2068,15824,-363,-343,35,standing
1824,-1976,15948,-369,-651,369,standing
1608,-2344,15676,-381,-244,64,standing
2576,-1804,15976,390,-2661,-852,standing
3028,-2056,15556,-644,-379,-623,standing
3388,-2320,15660,-1173,-62,-1924,standing
3180,-1376,15796,-606,-47,-1034,standing
1644,-1960,15700,-164,456,-554,standing
2192,-1276,15856,-238,-276,325,standing
840,-1108,15916,-367,-654,704,standing
1328,-1684,15956,-446,-961,1419,standing
1324,-1656,15852,-623,709,-776,standing
1972,-2348,15784,-492,575,-2346,standing
1008,-2404,15852,-705,340,150,standing
752,-3068,15920,-832,25,1460,standing
648,-2900,15620,-228,-986,-235,standing
2380,-1692,15896,-787,395,-1334,standing
976,-3460,15708,-958,553,667,standing
1220,-3264,15612,-374,317,-626,standing
1260,-172,16264,-223,320,690,standing
1836,-1492,15920,256,-1058,101,standing
1072,-3424,15704,-337,52,-166,standing
596,-2508,15832,-574,141,-372,standing
1144,-3160,15680,-546,-206,-248,standing
924,-3356,15744,-812,969,-1083,standing
692,-3424,15656,-270,-548,194,standing
920,-3200,15680,-249,-570,-1238,standing
40,-3540,15672,-1061,-370,3183,standing
840,-2216,16032,-506,-348,2038,standing
1396,-2596,15848,-56,-922,-2514,standing
1136,-2768,15856,-298,-1011,1329,standing
2608,-964,16016,272,-226,-1147,standing
600,-3868,15768,-474,750,-3181,standing
1552,-828,16084,-562,75,3552,standing
1752,-1944,15876,-529,-553,-51,standing
1492,-2152,15828,-461,-40,-30,standing
1568,-3096,15676,-536,1341,1973,standing
2208,-1524,15852,-348,-68,-905,standing
1128,-1852,15904,-533,664,-1177,standing
936,-2380,15740,-567,1380,-3185,standing
248,-3588,15848,-309,-349,-2502,standing
1828,-1700,15944,-567,-1464,-1789,standing
1888,-1076,16060,-205,-912,1983,standing
136,-3800,15700,-584,511,-631,standing
2196,-1404,16136,-309,-213,404,standing
876,-2272,15920,-668,311,1691,standing
2000,-1268,16004,-39,-323,-1687,standing
1640,-2168,15788,-436,-541,-1741,standing
1316,-2428,15808,-698,-124,1270,standing
1876,-1632,16068,-345,-820,-1861,standing
1244,-2836,15856,-240,-950,-4150,standing
1628,-2028,15828,-726,235,15,standing
1356,-2716,15904,-937,632,720,standing
-556,-3136,15740,-695,402,-1315,standing
768,-3116,15772,-755,-803,-249,standing
568,-2968,15800,-653,663,-945,standing
728,-2924,15600,-463,115,521,standing
1448,-2240,15760,-274,-597,189,standing
-156,-3860,15576,-662,1080,681,standing
1200,-3020,15844,-494,-605,-74,standing
1072,-2592,15852,-541,404,-477,standing
836,-3168,15852,-872,557,524,standing
908,-2888,15640,-778,200,2169,standing
1120,-2948,15832,-540,-712,-1827,standing
616,-1976,16180,-750,-579,4484,standing
192,-3544,15472,-804,1491,320,standing
1212,-1912,15920,99,-1201,-2741,standing
-476,-3756,15664,-469,20,-51,standing
1164,-1924,15696,-52,-311,-1880,standing
132,-3680,15792,-733,-393,-3776,standing
580,-2376,15900,-445,-136,1864,standing
312,-3144,15748,-338,-371,-841,standing
724,-2716,15888,-513,-337,-1742,standing
608,-3148,15644,-553,494,261,standing
492,-3240,15596,-360,26,795,standing
128,-2928,15776,-325,-220,268,standing
204,-2836,15740,-529,-267,-100,standing
180,-3244,15584,-594,135,-540,standing
208,-3040,15708,-571,-206,-186,standing
424,-3164,15700,-521,-46,-29,standing
144,-3040,15720,-413,-90,-604,standing
104,-3124,15688,-439,-291,227,standing
656,-2864,15820,-413,-605,678,standing
608,-3000,15780,-271,-592,131,standing
564,-2764,15832,-445,532,962,standing
888,-2364,15812,-288,-272,-127,standing
916,-2868,15792,-377,-535,-567,standing
860,-2672,15808,-309,15,432,standing
1336,-1840,15928,567,-537,-3016,standing
1132,-2224,15720,-351,-188,541,standing
1196,-2512,15860,-523,-428,100,standing
760,-3124,15704,-250,-1615,-746,standing
1068,-2964,15816,-429,158,530,standing
348,-2852,15836,-195,-1414,-149,standing
1008,-2132,15880,-166,-772,-721,standing
616,-2552,15616,-471,741,-298,standing
340,-2748,15872,-297,427,-1012,standing
316,-1916,15996,-735,-1644,807,standing
676,-3068,15704,-87,1386,-1254,standing
468,-2340,15976,-763,-591,2409,standing
404,-3136,15840,-611,-929,-3791,standing
196,-3572,15712,-322,222,-351,standing
216,-3124,15656,-652,115,716,standing
604,-2692,15756,-550,-336,1213,standing
268,-2616,15760,-408,-120,3381,standing
844,-2316,15860,-516,-108,670,standing
984,-1428,16084,-583,42,1145,standing
1084,-2016,16092,-513,-396,-420,standing
600,-2252,15788,-614,-60,2071,standing
420,-3104,15792,-486,-186,754,standing
800,-2796,15784,-302,-317,-279,standing
640,-2504,15884,-472,-362,-475,standing
1344,-1908,15788,-459,-129,1031,standing
1244,-2452,15856,-356,-158,-437,standing
1264,-2764,15768,-690,-592,63,standing
956,-3084,15620,-376,-435,-175,standing
1392,-2912,15756,-415,-111,-21,standing
1252,-2724,15832,-387,-398,-111,standing
1112,-904,16256,-63,813,-1195,standing
128,-2740,15948,-1077,678,3258,standing
648,-1976,15924,-296,-535,-572,standing
196,-2552,15760,-723,-623,1026,standing
576,-2968,15868,-392,-739,-1169,standing
576,-2804,15756,-388,-179,-697,standing
900,-2908,15616,-772,-478,-147,standing
1060,-2800,15744,-573,-385,-1,standing
1004,-3008,15640,-221,-135,28,standing
888,-2704,15872,-430,134,-391,standing
820,-2596,15768,-444,273,-997,standing
636,-2852,15692,-519,52,-152,standing
608,-2712,15780,-497,-359,-328,standing
912,-2820,15772,-434,-310,-168,standing
852,-2932,15700,-522,659,-31,standing
1176,-2368,15744,-265,-948,675,standing
1008,-2832,15780,-348,198,-509,standing
532,-2352,15840,-181,-175,-941,standing
1400,-2148,15792,-892,1566,-1436,standing
796,-3064,15872,-601,-374,697,standing
620,-3020,15828,-239,-152,-50,standing
1268,-2816,15724,-536,-286,123,standing
968,-2852,15664,-797,1347,-102,standing
584,-2932,15764,-276,22,-1324,standing
336,-2972,15636,-515,-440,781,standing
896,-2280,15716,-80,749,244,standing
884,-2176,15888,-274,-867,-942,standing
1104,-2848,15788,-616,-614,-290,standing
916,-2756,15896,-319,-55,185,standing
980,-2420,15788,-433,-110,-241,standing
1180,-2756,15672,-478,-455,-332,standing
1120,-2716,15772,-688,-339,-744,standing
1280,-2860,15876,-305,323,2,standing
1448,-2764,15676,-649,87,192,standing
1176,-2944,15804,-476,288,-901,standing
908,-2784,15736,-430,249,-476,standing
752,-2964,15808,-248,499,8,standing
1176,-2436,15908,-25,-1064,1485,standing
944,-1988,15876,459,2048,-2897,standing
812,-3068,15824,-519,163,222,standing
-16,-2048,15864,-281,-446,-80,standing
-240,-2576,15780,-675,-24,-575,standing
792,-1460,15936,-400,-958,1692,standing
496,-2288,15848,-700,126,219,standing
548,-2156,15824,-743,-1278,1134,standing
436,-2052,15840,-477,-289,-254,standing
964,-1912,15996,-696,1358,2207,standing
-316,-4020,15536,-419,1003,77,standing
848,-1296,16096,-110,-96,74,standing
148,-2440,16060,-1043,-155,2069,standing
168,-2872,15788,-561,304,-2544,standing
-264,-3048,15668,-746,-406,819,standing
152,-3164,15796,-524,-411,-373,standing
588,-2748,15928,-420,-589,-555,standing
-48,-1028,15996,-910,908,8885,standing
408,-2660,15740,-348,-1155,-2046,standing
424,-2552,15820,-384,-33,-76,standing
432,-2492,15816,-274,-132,42,standing
44,-2512,16148,-382,-424,-903,standing
444,-2072,16056,-478,-35,-679,standing
604,-2340,15844,-545,-160,-670,standing
796,-2304,15804,-500,-737,-186,standing
1232,-2456,15832,-493,-669,216,standing
1312,-2408,15896,-418,-374,-137,standing
1116,-2784,15744,-711,928,178,standing
632,-2436,15788,-618,267,139,standing
572,-3156,15928,-726,-1487,876,standing
952,-2356,15924,-108,341,971,standing
652,-2008,16072,48,-1265,-97,standing
604,-1776,15940,-244,417,-1035,standing
928,-1956,15900,-239,84,-538,standing
880,-1728,15784,-711,-402,-1117,standing
1004,-2760,15836,-1063,-185,-785,standing
1644,-2564,15784,-848,-623,767,standing
1488,-2960,15752,-429,-283,-626,standing
1824,-2516,15840,-139,-199,127,standing
1528,-2520,15748,-247,-152,-558,standing
1372,-2608,15796,-268,-160,-112,standing
1684,-2308,15760,-182,339,91,standing
1768,-2068,15816,-468,264,-268,standing
1292,-2036,15800,-391,305,-922,standing
1180,-2576,15856,-501,-196,-183,standing
1336,-2468,15784,-420,-169,241,standing
1356,-2552,15768,-366,-201,-152,standing
1368,-2264,15812,-368,-441,107,standing
1532,-2464,15784,-473,-128,-195,standing
1516,-2408,15768,-455,-276,68,standing
1424,-2392,15840,-400,-277,-250,standing
1540,-2376,15924,-459,265,-140,standing
1036,-2288,15696,-509,171,-499,standing
1056,-2324,15956,-571,1005,97,standing
580,-2484,15784,-384,-727,-330,standing
376,-4480,15476,289,126,-1132,standing
284,-4492,15616,-239,-606,-3075,standing
32,-3232,16052,-1336,126,6459,standing
616,-2612,16028,-871,-413,3304,standing
976,-2004,15884,-493,-730,2437,standing
972,-1772,15896,-534,-11,1890,standing
2244,-156,16148,179,-337,-373,standing
1440,-1828,15880,-273,-411,-3037,standing
492,-3552,15668,-484,-443,-562,standing
124,-3028,15788,-406,-108,304,standing
704,-1832,15928,-693,-81,2835,standing
600,-3760,15596,-599,-454,-2739,standing
1696,-960,15968,-423,-31,1262,standing
1084,-2552,15740,-890,512,124,standing
1320,-2612,15840,-356,-509,-796,standing
2000,-1000,16124,-261,-282,3302,standing
2716,-512,16100,264,-1328,1046,standing
1992,-648,16120,-429,-106,1748,standing
1728,-1692,15848,-556,-114,207,standing
1944,-2004,15856,-474,-120,111,standing
1812,-2196,15852,-466,836,-1177,standing
1052,-1948,15884,-833,-955,1147,standing
656,-2948,15832,-586,-642,-681,standing
848,-1924,15976,0,438,-642,standing
1092,-2252,15980,-936,921,373,standing
976,-2536,15832,-797,66,-789,standing
1368,-2452,15760,-437,-199,-227,standing
2200,-2384,15908,-528,-1076,-764,standing
1156,-2768,15728,-859,80,902,standing
1652,-2844,15688,-256,-388,332,standing
1592,-2480,15848,-317,306,-680,standing
1144,-2052,16028,-96,386,24,standing
1400,-1860,15864,-533,-110,-174,standing
1408,-2840,15500,-425,137,-3160,standing
1696,-2272,15848,-58,-328,711,standing
2624,-724,16188,-621,902,1127,standing
800,-2552,15920,-514,-336,-450,standing
1496,-1724,15848,-193,-613,-667,standing
-448,-4056,15488,475,-422,-6496,standing
-600,-4608,15252,-971,223,-610,standing
104,-4108,15556,-177,377,-3394,standing
-1428,-5280,15404,-1278,783,4058,standing
-508,-3304,16048,-1964,798,6716,standing
904,-1748,16232,-1147,241,7158,standing
632,-1784,15976,-1231,934,5461,standing
476,-3292,15372,-1214,941,5553,standing
404,-3820,15508,-226,140,-2022,standing
2704,-752,15592,30,-880,-2756,standing
1260,-1560,15876,-888,702,7971,standing
1872,-2288,15868,-267,-733,-5594,standing
1960,-1816,15920,-391,311,855,standing
2528,-200,16280,79,555,4629,standing
264,-3396,15668,-1014,67,5347,standing
792,-3780,15732,-782,-455,3582,standing
1900,-3752,15536,-877,465,1621,standing
1964,-1900,15648,-600,-345,-385,standing
928,-2108,15860,-576,18,646,standing
1396,-2164,15800,-561,-1090,42,standing
2160,-2956,15776,-533,-544,783,standing
1720,-1732,15784,-969,1482,-1792,standing
1656,-2320,15896,-310,-1177,-1408,standing
1708,-2260,15796,-428,-6,-544,standing
1772,-2612,15780,-376,-345,1506,standing
1720,-2704,15740,-376,-85,708,standing
1252,-2692,15692,-437,335,184,standing
1908,-1976,15788,-360,622,-807,standing
1308,-2540,15692,-453,1079,-1107,standing
1688,-2396,15816,-372,-453,-58,standing
2184,-3016,15708,-594,-27,859,standing
2368,-2092,15664,-1097,1031,-2063,standing
2700,-1868,15808,-975,952,-1095,standing
2948,-3036,15716,-1059,374,2167,standing
2460,-2580,15616,-81,-956,-94,standing
1832,-2704,15688,-318,143,-281,standing
1888,-2556,15736,-502,692,-1547,standing
1796,-2616,15636,-372,97,9,standing
2128,-2476,15840,-784,688,-1372,standing
1880,-2720,15816,-427,-939,311,standing
2288,-2560,15656,-717,608,-219,standing
2552,-3160,15676,-450,-77,109,standing
1736,-3440,15716,-337,-660,2087,standing
1456,-2436,15768,-356,-1434,2735,standing
1172,-1992,15980,-309,1063,-1796,standing
1060,-1812,15788,-158,959,-2105,standing
1140,-2484,15704,19,-1367,1568,standing
1496,-1936,15840,-246,-617,1036,standing
2232,220,16320,-17,147,3396,standing
2336,-96,16176,-68,-86,-1027,standing
2224,804,16468,-1353,69,3026,standing
1692,-1788,15828,-785,-982,-729,standing
1832,-2392,15668,-729,-998,721,standing
1984,-3024,15640,-592,-688,-993,standing
2008,-2056,15868,-631,-122,-713,standing
2152,-1992,15788,-463,-4,-787,standing
2104,-1872,15940,-285,589,-782,standing
2088,-2372,15784,206,-1828,292,standing
2408,-1644,15828,-930,697,-722,standing
2116,-2596,15716,-779,-131,-693,standing
2480,-2284,15608,-901,243,-540,standing
1792,-2972,15792,-401,-903,-892,standing
2096,-2220,15760,-496,-160,604,standing
2316,-2268,15768,-304,-201,410,standing
2184,-2512,15668,394,10,1594,standing
1972,-1740,15680,-202,501,674,standing
1236,-1896,15876,66,-728,1068,standing
1976,-1848,15932,-893,-186,-1480,standing
1468,-1012,16040,-1036,-1163,-808,standing
1816,-2248,15756,-962,-995,-860,standing
2556,-2740,15584,-809,12,-1323,standing
2960,-3096,15556,-206,458,655,standing
2764,-2396,15716,-218,-251,883,standing
2108,-1752,15868,69,-2203,3661,standing
1892,-1964,15676,-412,1080,795,standing
2196,-1324,15848,-669,1440,-1764,standing
1236,-2580,15828,-44,-265,1266,standing
1168,-1564,16056,-200,337,-124,standing
944,-2244,15796,-436,-493,-2333,standing
328,-2784,15828,-932,776,1050,standing
1576,-1148,16120,-1263,54,3251,standing
2360,-2460,15696,-789,-926,856,standing
3172,-1832,15812,-619,-108,256,standing
2704,-3092,15688,-519,-876,-1899,standing
1980,-2944,15684,-322,-130,2760,standing
2024,-3056,15704,-43,-344,-917,standing
1420,-2000,15876,48,-771,1635,standing
2304,-1776,15860,-57,-551,-27,standing
948,-2932,15896,-466,401,-682,standing
2060,-908,16032,-533,-202,-136,standing
2288,-812,16036,-404,82,-264,standing
1804,-2124,15792,-535,-878,-3578,standing
1944,-2404,15700,-592,-555,-1878,standing
2716,-2460,15732,-1032,591,-217,standing
2564,-2684,15616,-837,-1219,-781,standing
2980,-2960,15508,-802,406,46,standing
1860,-3116,15656,-504,200,-744,standing
2004,-3300,15644,-559,-243,-1121,standing
1908,-2276,15952,-289,1310,-1951,standing
332,-4052,15460,-397,772,32,standing
-196,-3780,15532,-728,513,976,standing
760,-3036,15836,43,1212,-2086,standing
584,-2960,15628,-824,300,2861,standing
1328,-2532,15840,-220,-576,-142,standing
328,-3128,15780,-488,611,999,standing
1080,-2644,15840,-486,-141,1221,standing
552,-3484,15516,-507,-83,922,standing
624,-3332,15624,-462,-216,731,standing
1612,-1608,15760,-166,97,1205,standing
1712,-2156,15888,-258,-336,-42,standing
1516,-2676,15792,-439,-200,-846,standing
1432,-3076,15884,-287,54,-3783,standing
740,-3564,15588,-293,-244,-810,standing
-8,-3628,15504,-448,-796,3518,standing
1296,-2460,15604,-265,8,-3294,standing
488,-2832,15796,-783,681,1734,standing
-72,-3128,15744,-332,-744,-2533,standing
1256,-2228,15856,-359,-242,-175,standing
-500,-3248,15752,-726,1419,2817,standing
-204,-3236,15760,-619,95,-768,standing
-260,-3340,15816,12,-1119,-2422,standing
-88,-2964,15616,-765,415,765,standing
72,-2708,15720,117,-2094,-2665,standing
1340,-2884,15852,-841,762,1278,standing
2832,-4084,15468,-390,-2640,7996,standing
-696,-1616,15636,875,-1258,1322,standing
1272,-2524,15888,-178,708,1198,standing
556,-2568,15800,-450,260,-1777,standing
396,-2616,15804,-711,487,-519,standing
40,-3316,15824,-623,669,122,standing
536,-2664,15760,-427,-120,561,standing
156,-2872,15776,-419,-167,86,standing
672,-1568,16208,-409,-362,660,standing
308,-4344,15480,-81,510,-4511,standing
988,-2652,15924,-1444,4282,-4979,standing
-572,-2724,15692,-453,648,-1035,standing
-228,-3612,15740,-520,-1526,-2157,standing
-260,-1960,15980,-837,-455,1687,standing
1264,-2912,15840,-746,-442,-2186,standing
1464,-1820,15788,195,-1776,-6274,standing
3112,-1128,15888,-977,1380,-2127,standing
1116,-1456,15884,-143,-896,-702,standing
476,-2212,15784,-388,-767,4368,standing
300,-2804,15620,-341,84,786,standing
-1028,-1144,16220,-400,860,3982,standing
-252,-2964,15680,-52,-624,-3015,standing
688,-1752,15780,-314,-361,-1111,standing
644,-1572,16028,144,-909,-2845,standing
1408,-440,16240,-131,-185,1215,standing
456,-1944,15940,-47,81,-1422,standing
40,-2420,15728,-562,251,1196,standing
1280,-1248,15828,-396,-337,-490,standing
-104,-2424,15756,-477,103,1427,standing
1072,-676,16100,-428,-166,342,standing
492,-1868,15920,-483,-313,-660,standing
572,-1216,15956,-877,161,1461,standing
452,-2816,15744,-922,-159,1327,standing
692,-2472,15828,-302,115,-1354,standing
804,-1516,15900,-108,-54,-1446,standing
444,-1812,15980,-513,-670,643,standing
572,-2160,15888,-215,-293,-1555,standing
832,-1920,15752,-334,-1,-1107,standing
832,-1884,15888,-466,-83,-24,standing
848,-1680,16052,-558,-238,-1604,standing
736,-1356,16196,-220,183,526,standing
732,-1784,15816,74,524,-383,standing
512,-1880,15880,-721,-31,113,standing
852,-2880,15892,-129,1088,-482,standing
1552,-172,15908,99,-284,-2159,standing
416,-1892,15928,-496,-386,1822,standing
356,-2416,16032,-342,-198,-2281,standing
844,-1536,15972,-584,-270,998,standing
1144,-1644,15916,-362,-677,-214,standing
576,-1296,16024,-660,366,2115,standing
452,-4,16108,-425,-1338,439,standing
936,-1576,16080,-521,-731,1081,standing
1924,-3148,15816,-859,561,-1201,standing
1684,-2064,15968,-547,973,-393,standing
1464,-1700,15820,-382,289,-695,standing
288,-2212,15948,-2049,770,-6485,standing
1072,-2236,15880,-1120,568,-5210,standing
164,-2908,15692,-628,119,-3677,standing
540,-2588,15700,-461,-222,-1187,standing
700,-2728,15736,-361,-217,805,standing
952,-3000,15692,-90,-621,2777,standing
628,-2416,15804,-4,-556,3232,standing
920,-1984,15808,-18,-317,1793,standing
1532,-1752,16028,-272,96,734,standing
296,-1580,16020,-191,-657,792,standing
1216,-1680,16036,-135,-518,290,standing
1112,-1308,15920,-302,203,-378,standing
1448,-1616,15848,-177,401,-791,standing
1760,-1620,15860,-388,116,-1017,standing
1028,-1148,16032,-544,-178,614,standing
1288,-1612,15808,-670,1308,-4786,standing
420,-2128,15832,-538,85,515,standing
2304,-396,15928,-288,59,-3618,standing
1560,-1032,15996,-614,-648,26,standing
1580,-2252,15876,-856,614,-1519,standing
228,-768,16268,-724,-1366,7649,standing
1572,-1304,16032,-631,-614,-3609,standing
116,-2500,15860,-647,212,3687,standing
1824,756,16204,-214,-686,2850,standing
2624,288,15768,612,284,-6465,standing
1568,-2872,15408,-119,-385,-5273,standing
3144,1268,16552,103,-1348,2800,standing
312,-3132,15632,-173,992,-2055,standing
1660,-776,16092,-181,-1632,-4077,standing
2344,-24,15768,16,-671,-3577,standing
1284,-500,15948,-770,893,48,standing
808,-2012,16080,-274,60,-5776,standing
-200,-3608,15656,-604,134,6,standing
312,-1444,15840,-779,108,3022,standing
2180,1484,16380,-76,282,888,standing
1592,96,16032,-184,-974,-2819,standing
1780,-632,16048,-117,-612,-3830,standing
204,-2420,15856,-2262,-584,3049,standing
476,-1448,15928,-1029,908,-1560,standing
-512,-5280,15140,-1243,-1231,3055,standing
1188,-2616,15956,50,-997,-1416,standing
608,-400,16360,-492,379,1881,standing
-1652,-3884,15696,-1490,-155,4548,standing
-716,-4320,15444,-318,-33,-6616,standing
-208,-1948,15820,687,-213,-6951,standing
-560,-3868,15564,-1264,140,3701,standing
60,-4800,15456,-649,-19,306,standing
1248,-2468,15916,-284,-599,-4410,standing
904,-1088,16188,-460,-281,4179,standing
-916,-4452,15292,41,839,196,standing
848,-1412,16004,-53,-365,-1249,standing
1160,732,16360,565,-276,391,standing
-336,-3540,15636,-896,1234,1049,standing
1408,-1376,15800,-255,-164,-4398,standing
1132,-2280,15884,-1271,1375,2599,standing
1420,-1988,15828,-159,-1489,-2190,standing
1988,-236,16152,-189,-182,487,standing
548,-3332,15620,-295,556,-5,standing
752,-428,16140,-166,322,-523,standing
596,-908,16124,-666,1090,3206,standing
-16,-3076,15624,-779,-1016,-4170,standing
1760,616,16336,-85,125,963,standing
488,-2024,16128,61,-1685,-2336,standing
776,-1560,15968,-485,-1198,-316,standing
452,-1988,15860,-474,1089,-1795,standing
660,-2308,15868,-555,369,-102,standing
392,-2616,15896,-131,555,-350,standing
576,-2912,15828,-352,-312,-184,standing
272,-2140,15932,-253,-56,51,standing
-416,-1824,16052,-451,-39,621,standing
-324,-2572,15736,-671,1058,2043,standing
-216,-2112,15908,-494,-769,-410,standing
-132,-2168,15908,-432,-903,107,standing
68,-2128,15780,-467,-129,-1410,standing
528,-1692,15896,-115,-156,-1575,standing
-1132,-3416,15748,-1413,1121,2758,standing
-668,-2140,15912,151,-2176,-1735,standing
324,-2008,15932,-290,-1057,-471,standing
-2120,-864,15876,-322,-348,-1602,moving
-1836,-1024,15948,224,-858,-809,moving
-2068,-1004,15728,-274,414,-2927,moving
-2020,-2512,15804,-425,-89,-1194,moving
-192,-832,15988,670,-1997,-3566,moving
-52,-888,15948,-195,-108,-2402,moving
-940,-700,15948,-583,2053,-821,moving
-2152,1292,16548,-785,107,-4228,moving
-1656,-748,16672,-76,-725,-5209,moving
-4396,-3624,32767,-3632,-21220,-2776,moving
-2144,-1884,18240,97,746,1303,moving
-2600,-1432,13680,-1384,1977,-82,moving
-992,-1500,15864,-1509,-1022,2393,moving
1684,-92,16680,-1625,-6693,8374,moving
-1456,648,15348,-1044,4644,-989,moving
-1448,500,14884,-989,-532,1065,moving
-2200,-1112,15108,-190,1850,-6762,moving
-148,-56,14136,271,-547,-7650,moving
-656,-88,15976,-565,-1298,-2640,moving
-1468,204,12108,634,-571,-6385,moving
-2652,-1424,19760,592,5787,-7100,moving
-484,-656,13400,-136,1010,-5982,moving
-3308,-284,18376,840,873,-3876,moving
-1820,-240,13368,619,-1425,-7276,moving
-628,872,14612,1193,-3514,-5673,moving
156,-960,16408,-1581,3163,-1297,moving
-468,280,13876,-211,-3112,4379,moving
-572,92,13696,574,194,-158,moving
504,-832,18468,-445,459,2128,moving
884,-100,13428,-1297,3886,9570,moving
-2508,156,17724,-254,1114,9510,moving
156,-20,16088,-3137,2348,1508,moving
624,-476,16428,-680,-2,8234,moving
2780,-700,10152,-1200,-982,11849,moving
-1400,1372,14688,664,-517,4138,moving
-1832,-1400,18144,532,623,-6086,moving
-628,892,15192,472,2481,-1571,moving
-2060,-972,15124,-646,-1413,-605,moving
92,-1040,15864,-657,-1303,-6123,moving
508,-228,14740,113,1435,-9053,moving
-1184,-316,15972,20,-640,-4318,moving
-1996,-460,15236,-310,-2254,-2102,moving
-2088,-184,16120,-426,1558,-5149,moving
-824,-1748,17784,-60,-495,-3492,moving
-4900,-1256,20472,242,9121,-2807,moving
-2268,-920,12976,458,-880,-4133,moving
-720,-1344,13968,147,-3282,-7175,moving
-1344,-448,14596,-904,2956,-1833,moving
-2112,-860,15884,-1097,-2208,5061,moving
4076,-2304,15248,4462,-11902,-1141,moving
-1400,-1344,16232,-877,1716,228,moving
-1784,-1520,16056,-161,-412,9191,moving
-2764,-1040,14784,-615,-863,6684,moving
360,-2096,16300,-815,11041,2442,moving
892,-668,11920,-1316,-83,5809,moving
-3336,-1044,14696,359,490,8883,moving
-856,-552,14588,-1123,4297,513,moving
-1056,1380,14804,201,-3769,24,moving
-3768,1024,16544,-960,1540,2994,moving
-4012,1200,17108,195,-2152,2475,moving
-1132,-100,15140,2998,7567,-4741,moving
-1392,1988,15912,-317,337,-2404,moving
-1008,-616,16136,-2081,3882,1301,moving
-356,720,14480,-1095,-2537,-4592,moving
428,1084,14060,-129,-2211,-7040,moving
-1380,120,12728,-1167,1505,-2713,moving
-2200,-872,18760,-616,3774,-2820,moving
-508,-1592,15936,1471,9064,-7614,moving
128,280,15460,57,-1063,-2416,moving
-2104,-256,15444,300,-3463,-1768,moving
24,824,17620,315,-2015,-6420,moving
436,-2120,13488,-510,-1071,-5587,moving
-428,4,15688,-1852,1639,5893,moving
-2336,312,15352,-74,-2190,532,moving
-304,-492,15816,-535,-3428,3540,moving
352,80,16108,600,1078,6163,moving
-3224,-440,16212,-538,1416,8329,moving
-956,572,16196,-1716,2980,6118,moving
-56,-1216,14900,-2493,1822,4845,moving
-2216,-196,13988,889,-3242,7812,moving
-1812,56,16828,132,-526,17,moving
-10368,4284,32767,-2366,-15249,-1199,moving
480,-604,15384,-1480,1528,4553,moving
104,-1660,11040,-2589,-2447,-3535,moving
20,112,16020,958,-1522,-3943,moving
0,120,15812,-181,-208,192,moving
-360,-216,16572,-773,1854,2118,moving
-1668,1336,15872,-158,1473,-3643,moving
-444,-240,584,-1645,-8806,5113,moving
-1940,44,18684,-1279,5717,8692,moving
-448,3156,15756,133,-304,418,moving
760,-1392,15704,-1974,-693,3253,moving
-1404,468,17488,56,759,6505,moving
-2048,2164,15776,-2139,-303,-819,moving
-1644,2612,18268,302,704,-11449,moving
-332,40,15280,-1006,2559,-2514,moving
-3352,212,16412,1020,3079,-4634,moving
-1456,100,18192,-48,-1959,-6732,moving
-1000,412,13076,-429,339,-3875,moving
-3296,-1068,18544,-293,1252,-4384,moving
1444,-2924,14980,-389,6445,-6579,moving
-392,-616,13948,122,928,-5784,moving
-3420,-316,14320,305,888,-1681,moving
400,-1208,17948,-1085,6834,-3184,moving
-504,-1224,14620,-1030,2400,-5315,moving
-3488,-576,17788,-701,-2319,-1002,moving
-3008,-1388,14876,513,1381,-5031,moving
-1028,-268,13052,1947,-3385,-5678,moving
928,932,16404,89,1218,2080,moving
-1384,-504,14904,-1084,-511,5144,moving
-1340,-712,13936,-953,621,-2104,moving
-828,-1436,14960,219,-2117,-2867,moving
-9400,-3376,32767,1257,-6625,3279,moving
-2456,-740,14688,18,-1346,4925,moving
-1728,672,14836,-3053,3021,2192,moving
-364,-1440,13744,-713,-2004,4305,moving
-1896,-1056,18124,132,-138,1383,moving
-716,440,14740,-1510,-1411,7779,moving
-3448,-3880,12612,-1637,-2790,1706,moving
-1684,-1608,17432,414,3619,1950,moving
-2640,-2340,10688,-2071,-3641,2426,moving
-2208,-1048,14464,-1342,-4920,-1865,moving
-2616,184,16252,783,-2423,302,moving
276,-1060,15732,-1087,-1820,-2917,moving
-1048,-688,896,620,-1223,-1944,moving
-1604,-3144,14420,-2636,-1492,715,moving
680,-480,15492,904,4174,-5163,moving
-2112,5900,25916,-2241,-9957,5671,moving
11016,8132,-1072,622,-12183,-2353,moving
-8664,316,32767,-1427,-4462,-2972,moving
-1028,-544,13416,1429,-4059,-2982,moving
-1100,-1772,16360,-1995,-280,-4251,moving
-3264,-1224,15844,89,3181,-1526,moving
-632,656,16328,378,2752,-7106,moving
-544,1952,9464,-2829,-5766,-2827,moving
-2000,-1760,12496,-1574,177,-1156,moving
-600,-1368,12836,1886,-3804,-5786,moving
-1828,208,17320,1201,424,2560,moving
-4444,-1284,19732,367,2134,-2777,moving
344,-796,15892,302,10105,474,moving
960,-656,15152,-1642,1242,-1260,moving
96,-1296,14820,-3147,7623,731,moving
-2716,-1432,12468,487,-5712,5475,moving
-732,1720,13812,-748,-1067,4478,moving
420,-1372,14348,-1097,-5944,8675,moving
-2736,-1000,20572,980,4826,3311,moving
3940,-2520,12572,-957,4095,2180,moving
-572,-1736,16768,-1663,4683,4797,moving
-616,828,13464,1177,-683,-2538,moving
-100,540,15868,1237,-738,476,moving
-2744,-368,19592,-1751,-2175,-2576,moving
1072,480,15624,-1534,-1297,-5833,moving
3200,212,13328,-1367,4376,-505,moving
-628,-1108,14684,-1951,3245,-6850,moving
-764,-988,13760,-2101,3262,-5259,moving
-1556,-1964,15340,-965,-588,-2088,moving
-2400,-2044,15144,1847,-4322,-7226,moving
-3364,-1396,15468,676,6340,6043,moving
-1968,-872,16564,-2647,-3308,5485,moving
76,-1404,15440,88,3994,6120,moving
-1004,1020,15968,-2210,3682,1348,moving
268,104,13964,-356,-199,4009,moving
-764,1808,11904,141,-3109,-709,moving
1896,-836,14380,-1192,-23,109,moving
4884,-1692,5820,-550,252,954,moving
528,452,21760,-281,-4485,-3856,moving
820,-484,13268,-2081,-999,4548,moving
-1012,-364,14544,-2251,180,-703,moving
776,216,15064,-2119,2289,152,moving
-440,-368,12304,508,-1244,871,moving
472,816,15784,-298,2562,-1158,moving
-1488,-280,16692,-1137,-917,5004,moving
-2808,-180,17268,-1447,-3269,1073,moving
-2348,-2352,19868,544,6525,-2061,moving
448,-188,16452,-416,7906,-2322,moving
4196,-280,10548,-3462,-1863,-1367,moving
-2744,-1868,13588,-1442,4400,-859,moving
1860,100,12176,-588,748,-1964,moving
-1188,-1764,15872,-560,-2317,2758,moving
-1548,64,18476,884,3570,-3205,moving
-788,-5016,21632,-1439,-2858,-6129,moving
-1488,-1508,12552,-2039,6791,-9808,moving
-580,-604,12824,112,2222,-8883,moving
-1504,-832,13360,344,153,-6807,moving
-1040,-2284,13512,1403,-4281,-10027,moving
-2228,-2976,17472,575,-70,-1027,moving
-920,-2292,12820,-56,-1394,-3105,moving
-2712,-1596,11960,526,-3505,632,moving
-2104,-2088,16116,-60,-2670,221,moving
-1264,-1064,14544,-42,-1792,-855,moving
64,-400,15740,-1616,-6391,7521,moving
-3076,-2092,16672,-619,-237,6604,moving
-2160,-2096,14788,-1290,-895,14419,moving
-1844,-1184,12056,-162,-1345,8259,moving
-500,-2236,12184,-1005,3627,3163,moving
-884,-2968,12584,248,-5490,7709,moving
-1292,-624,17220,-234,-2186,124,moving
852,-3264,15744,-802,2478,3053,moving
-196,-568,14052,-2020,-4161,-3077,moving
1740,-2212,14040,-197,-2317,-924,moving
-816,-748,13460,-184,2190,-8279,moving
1980,-984,10608,-686,4519,-10077,moving
-556,-296,10764,-168,1132,-7600,moving
-376,-1948,13004,919,-3324,-10479,moving
-1704,-2852,16544,364,-1715,-2095,moving
-676,-2928,16692,-921,-1903,-3705,moving
-676,-1176,13680,-319,-1034,1839,moving
280,-2208,11592,-370,-5110,-2581,moving
1800,-436,11372,-684,-1250,1655,moving
364,-1520,11652,-267,655,-1627,moving
-684,-2368,17052,876,-2423,396,moving
-396,-2476,11972,-4299,-7444,1834,moving
-400,-468,15404,65,3005,3642,moving
-3164,-2768,19228,-99,11497,-150,moving
3892,-156,14432,239,8764,2419,moving
6168,-948,6148,-4048,-399,2227,moving
56,-780,15404,2403,-926,-3745,moving
-576,-2072,14256,-663,-82,12923,moving
-240,-864,16372,-447,-1462,-4240,moving
328,-6260,12620,-2155,-317,-155,moving
-1336,-1192,14168,933,-2081,-1215,moving
-372,-1408,16020,5,-5800,-4037,moving
8072,5304,21288,-2871,-15627,-6762,moving
-1448,-3764,15064,-55,1548,-3789,moving
-2656,-2648,19084,-669,-2170,-4697,moving
2032,-1512,8532,-3193,-10933,-8474,moving
-2332,-3156,12148,-2405,-77,1867,moving
2100,-1420,12968,-2353,-3257,2905,moving
-968,-3892,15108,-2076,1731,3328,moving
716,-1436,16720,-485,-4817,8121,moving
-1432,-1532,11788,955,-36,9011,moving
-1656,-1844,12916,-128,-1528,5291,moving
1524,-760,12428,-344,-599,3124,moving
-524,-852,16420,150,1865,5314,moving
-1604,-724,14648,609,5506,-1234,moving
-1940,-172,16232,-338,681,-4075,moving
-60,-1380,14820,-1110,-2319,30,moving
-3760,-3384,15984,-756,-2853,-254,moving
392,-3000,15004,637,8002,-3618,moving
876,4236,17688,-1261,-6752,-1114,moving
-1728,-2776,11148,-661,1397,-1291,moving
320,-4848,15256,221,2177,-8480,moving
-1532,-2816,19664,690,272,-2191,moving
-2532,-1708,18908,397,3053,-1567,moving
-2204,-2844,17576,362,-2656,-1838,moving
916,-2960,15492,248,5496,6737,moving
-1668,-448,15624,1389,5825,9015,moving
-1408,788,17360,-116,2427,1589,moving
392,-1784,15812,-765,-41,5415,moving
-980,-1444,14992,2308,9926,5756,moving
-1580,1164,16592,810,3176,-4261,moving
-708,-432,17208,711,8319,-3649,moving
-4012,-1492,17388,2497,9866,2902,moving
-15916,-2388,32767,-1042,-14880,-5219,moving
1788,-1784,13428,-616,1353,-9396,moving
-632,-1500,15108,-83,542,-4166,moving
-1584,-1900,17748,736,-1247,-9132,moving
7044,908,-1148,-2630,-7994,-7546,moving
-684,-1256,12220,-281,-820,-6538,moving
-228,-1212,16736,-1923,-2714,-5186,moving
2168,60,17528,-667,-3401,-3652,moving
-864,-2284,13768,-27,-517,-378,moving
-1344,-1940,15132,130,-93,-5137,moving
596,-1784,15696,-167,3561,-465,moving
-3224,-1876,17760,-70,1762,678,moving
168,544,16864,-729,-1443,-1143,moving
504,-2136,15644,-1683,2639,1579,moving
-812,-1400,14500,-1059,323,305,moving
-132,-2784,18088,2306,3218,-3051,moving
-500,-788,16720,-1885,2882,454,moving
-912,-1324,16656,-1789,1619,-459,moving
904,-532,12492,96,-3187,-1032,moving
-1340,-840,16080,1494,-4476,618,moving
1160,352,16436,629,-1238,-4321,moving
2332,792,13992,-183,1673,-3513,moving
532,592,16296,-1864,3051,3748,moving
-160,796,10964,-474,-3240,2346,moving
852,804,14108,1761,-5118,427,moving
456,1148,16620,-653,928,6694,moving
1364,-960,13832,-1788,-3426,7386,moving
2096,-572,16144,-710,-281,494,moving
1228,-2752,15444,-835,52,6833,moving
-1788,-1972,15012,-290,-3820,9961,moving
2240,-1744,16568,-20,-198,2886,moving
2276,-1768,15344,-684,-2932,6964,moving
364,-1824,12152,571,-3014,8507,moving
928,-2952,15540,-1247,6039,4236,moving
2288,-1928,15712,-1471,993,2534,moving
1960,-220,16232,381,-2839,6074,moving
-404,-1040,11900,359,345,-2773,moving
1128,-2148,16688,-248,5214,-1231,moving
-1992,-752,15928,1880,-2714,-1529,moving
-988,-720,15476,245,-308,-3592,moving
-892,-2540,18716,-879,38,-45,moving
-2544,-1024,15392,-1086,-3003,-2420,moving
3020,4,16192,-1519,3448,-3701,moving
-416,-1556,13768,-1762,3491,-5337,moving
-836,-876,14148,-1543,2881,-3228,moving
1740,428,11872,1146,-2621,-7577,moving
-160,-684,15520,-1265,1276,-2320,moving
980,-1416,13888,-1435,-2477,-7263,moving
-264,-592,12884,215,3334,-5354,moving
-1084,-956,12544,753,-581,-3748,moving
-2184,-3304,17780,1728,1673,-6711,moving
-2284,-1368,17016,-1477,3119,-746,moving
-1720,468,17224,-540,358,-2685,moving
-732,-996,12880,-302,1505,809,moving
-1284,-116,12556,-455,-2112,2428,moving
-3116,-3236,17408,-549,1333,1672,moving
-1292,-940,16748,-2054,-137,10905,moving
-1744,-1092,12804,-1219,-1577,7301,moving
360,-1868,13352,-1346,-442,10303,moving
-1228,-1648,13616,802,-3122,5070,moving
-3804,-796,18696,665,-412,-235,moving
1968,-488,18848,-1151,8822,-1659,moving
-644,-1924,13036,255,1585,-1738,moving
-2096,-1652,14108,1646,-3945,-3888,moving
-2424,-3172,16984,-244,13259,-2788,moving
-1740,-4052,16292,-1796,1598,-1969,moving
-128,-2188,12964,0,1004,-6506,moving
-584,-1728,14216,219,420,-1351,moving
-3924,-1160,16060,-801,-733,6221,moving
-968,-544,15412,-1472,-57,6241,moving
-1168,-2868,14412,-391,-1277,6693,moving
-1824,700,17136,321,-9156,7209,moving
-792,-2620,16240,741,1215,1173,moving
1072,-3012,15352,514,-2726,5018,moving
-2180,-1724,12952,845,-3162,6094,moving
-568,-300,17724,-324,-1243,3133,moving
-96,-3028,11848,-2334,-1787,4034,moving
996,-476,12496,-2130,1880,1823,moving
-2852,-1580,17068,-96,869,-1821,moving
-3384,-2620,18740,378,6241,-7453,moving
-1080,44,15148,482,4501,-5994,moving
-2800,-2940,14280,-27,-3644,-3301,moving
-1196,-2764,13360,637,-1289,-6230,moving
1956,-264,16068,-390,-395,-4164,moving
-924,-1904,15452,-812,2536,-5061,moving
-1540,-1232,14740,-257,-1712,-4142,moving
480,-420,11568,1792,-1722,-7997,moving
224,-1576,15788,480,-1245,-1930,moving
-1924,-2172,14960,-759,1913,-3417,moving
-1808,-220,15044,247,-2488,-2207,moving
480,-1232,17312,-1121,-1054,2096,moving
-2628,-2252,17532,836,5632,3832,moving
3740,3112,8636,-198,-374,347,moving
2320,928,11624,-513,-3282,6760,moving
232,-2492,14812,-586,-2145,14301,moving
548,-1340,16144,-786,1288,8833,moving
3396,-676,18448,-1977,12034,7208,moving
2232,776,13720,2004,3298,2795,moving
780,-1036,13488,1168,-480,845,moving
1640,412,17280,-98,3497,-3581,moving
592,-156,14140,-1249,-400,-4692,moving
-28,128,15604,1056,2085,-2888,moving
-1228,-496,15020,-1710,3267,-1221,moving
-1220,-376,14256,1126,920,-8413,moving
-68,-924,14196,-318,-9085,-4904,moving
388,2032,12012,-4041,-6718,4107,moving
-904,-1376,14492,943,819,-1185,moving
532,-1540,16904,-858,723,-3788,moving
-7788,-3056,32767,-2261,-689,-4369,moving
-1216,-752,14200,-355,-268,-3626,moving
-272,-2524,16872,-891,-1265,-8299,moving
740,6480,32767,806,-8713,-1860,moving
-1956,-1588,15236,-489,636,3115,moving
-1912,-3148,17284,-932,6287,1466,moving
336,-320,15960,-2177,1493,6520,moving
-1416,-1216,14396,782,-3209,13249,moving
-1112,-1276,18300,-1454,-4487,3761,moving
268,-1528,14252,-1248,345,4256,moving
-1888,-1872,15004,-553,-2157,1301,moving
2920,-1564,16044,-981,8555,-2436,moving
688,-464,15236,-2165,553,-2531,moving
412,-1692,13668,-810,1109,-2327,moving
-1132,-3392,17092,341,-2550,-3194,moving
2044,-2068,16492,-595,3465,6082,moving
-2020,-1128,10892,903,-3844,5005,moving
-1524,1588,12700,-155,980,-4106,moving
1112,-1856,13356,-1773,-2933,-2001,moving
-512,-1856,13948,-1176,287,-2600,moving
716,-3116,13932,-341,-4707,-3412,moving
380,-4172,16540,1429,9483,10100,moving
276,-1268,15644,1243,-1005,7017,moving
1720,-1740,14852,-1105,-720,12965,moving
-1036,-1376,14936,-597,2712,1830,moving
-468,-1056,15480,274,2002,-963,moving
-3160,220,14940,348,-1169,2447,moving
-3172,-1024,15172,-1403,-1665,-2398,moving
-1752,536,21368,832,-8419,-1850,moving
-9868,-1044,26472,-2537,-6467,2462,moving
596,-1852,12360,164,-980,-1966,moving
-1504,-312,13940,-1438,-806,1827,moving
-1832,-396,15772,1029,1633,-5386,moving
668,-136,17292,-1944,50,-492,moving
-248,-1420,18116,684,-1109,2459,moving
-1740,140,21972,-400,-710,-2589,moving
-400,-2036,20176,-741,4100,4251,moving
-2056,-116,19000,-1124,7183,4115,moving
-436,-484,12600,-284,-3426,-2350,moving
2676,2592,17924,-1773,4258,2480,moving
-1596,1780,16104,2,3327,-2802,moving
-484,1484,16436,630,-2836,-3535,moving
-528,720,14356,-860,762,-1567,moving
-472,720,15912,-2457,1058,1909,moving
-1028,524,15044,-189,190,-4280,moving
-2216,-132,14816,-357,954,-363,moving
-2856,-108,16120,-1091,-1870,253,moving
-1808,60,15384,-509,3959,3767,moving
-3240,-1240,16736,-1909,87,1748,moving
-1384,-360,15800,-1418,-1519,-48,moving
-1712,-256,14604,-136,1247,1181,moving
-3184,200,14820,-34,-2825,754,moving
436,-908,14984,166,-1820,-6077,moving
-3168,880,16512,-787,-838,-3461,moving
-1308,580,16432,368,3043,2407,moving
-896,828,15412,-1841,-2008,3870,moving
-1088,-544,16156,-119,-1561,-2703,moving
184,1592,14896,1762,997,2214,moving
-1736,3176,12312,595,912,-346,moving
5440,4332,-4112,-1046,1517,2308,moving
824,1316,16864,-579,1079,45,moving
-1224,2744,16644,-1682,3103,-803,moving
-2236,4016,15676,-888,-2627,-2885,moving
2148,1304,16140,-1923,-2309,-2518,moving
1796,2436,13024,232,3153,-4391,moving
-1296,3352,17072,-528,-280,357,moving
-408,2000,13392,-307,-287,-7250,moving
1076,1320,16896,-1655,-379,-7163,moving
-512,388,15680,-44,1899,-5135,moving
-3200,2844,19504,2147,-1546,-7919,moving
2156,2640,13980,-894,2177,-5715,moving
-712,700,16552,-1447,-5850,-2599,moving
-1100,708,14804,14,898,-2196,moving
440,1728,15720,-695,-2243,-553,moving
-576,1004,15832,-250,1966,2278,moving
-892,1988,14792,-1692,-1241,2899,moving
-452,24,18884,116,361,-2021,moving
1028,1716,14580,-848,1278,2094,moving
-136,-120,16444,-2064,2185,5241,moving
-948,-4932,15900,450,2694,-1955,moving
168,5004,25636,-2545,-13794,9319,moving
-72,-500,15596,-805,5816,14095,moving
-540,-952,15932,-395,228,6775,moving
948,84,16044,-1441,-1458,9983,moving
472,-912,12456,-902,738,15655,moving
-260,756,15464,-885,-1905,9632,moving
2524,1016,15224,-2217,-497,7093,moving
-1920,12804,13600,-2959,2744,15981,moving
-1652,128,15072,-317,3032,1065,moving
-324,508,16232,-11,665,-1856,moving
-4940,384,23336,343,-853,2888,moving
-1436,1120,14424,809,1042,-3152,moving
-220,2440,16104,529,-62,-3040,moving
-1824,1268,17084,-264,-1324,1648,moving
-2796,924,14920,-597,3819,-3296,moving
-720,1724,15640,-998,-58,-827,moving
-1504,-252,16328,-1357,-104,3684,moving
-1492,1504,12844,547,-1806,-1118,moving
-444,1524,16440,-339,328,-1275,moving
-2060,-1824,19296,-2665,1742,5724,moving
-6048,6608,32767,352,-13165,-898,moving
-884,932,15648,401,177,-213,moving
-2616,-132,15680,273,1078,4958,moving
-1676,992,18176,-2099,-122,1138,moving
320,492,12696,-3939,-3341,8701,moving
-2472,-384,15760,-2889,-2554,12327,moving
-1328,-296,16200,-1549,706,3555,moving
-364,-312,14792,-3066,-2494,11419,moving
-2832,700,12816,621,-534,8148,moving
-2956,912,15308,-2760,-319,4465,moving
-1908,404,15812,-611,358,4766,moving
-3788,904,13828,799,1480,5201,moving
-3924,2452,16076,-1399,-190,5491,moving
-1700,1168,16452,-2735,-1023,2504,moving
-856,1120,14200,1343,169,2805,moving
-3632,644,12592,609,1728,-4034,moving
-1444,2912,14832,-1873,-3762,-1124,moving
-952,364,13104,-2697,127,-90,moving
-2572,804,15756,-730,3345,-7,moving
-1420,976,16244,-990,-1407,1738,moving
-2140,404,15296,933,-1074,934,moving
-2176,812,12284,669,1035,2762,moving
-328,1836,14348,-409,119,-1240,moving
-1540,948,16244,-590,2245,2292,moving
-2560,556,14824,-1498,2142,1805,moving
-1072,1484,15012,-296,1065,-130,moving
-1816,744,14580,-382,-522,5350,moving
-2852,1620,16056,110,3196,2255,moving
-1908,1044,16548,-1521,-3285,7785,moving
-3308,1044,13404,-1291,1693,5203,moving
-1428,120,16472,-649,2772,4672,moving
-3420,1160,16136,-1845,966,14568,moving
-1312,2460,16028,-3568,-1822,11592,moving
560,1200,16776,-1155,2469,3352,moving
-416,1408,16324,-1550,3856,4684,moving
-1672,956,16152,-531,2606,-1997,moving
-956,2520,14248,526,-337,564,moving
-3288,1840,16092,995,4430,3783,moving
-4940,5236,23628,-43,-10705,2352,moving
-960,1192,14836,-2459,-145,302,moving
-2076,1012,16792,-656,542,4003,moving
-2840,1260,20012,-1758,-2755,1311,moving
-2984,892,14376,-2766,3599,5077,moving
-2660,1144,13772,-1636,938,6109,moving
-1688,864,15696,-558,1652,3743,moving
-416,-1500,12504,-2208,-1460,5373,moving
-2696,2728,15340,-2116,1455,3617,moving
-452,648,14692,-960,1297,2243,moving
-2636,3236,18492,2486,462,2928,moving
-2244,3548,16516,2293,2684,-1703,moving
-1284,1976,13968,-976,204,108,moving
-3460,1924,16896,-1991,-262,2155,moving
-1716,-128,16820,-1965,-5214,-628,moving
508,1544,16040,920,-526,-398,moving
368,432,15184,-464,1178,3949,moving
-876,876,14452,-1336,2106,4328,moving
712,2384,16400,-1649,-578,3635,moving
68,-2060,15792,-3636,1094,17331,moving
-180,2324,17148,-27,2252,8648,moving
-248,-312,16704,-650,2853,10544,moving
-1236,-36,13540,-799,-3364,11584,moving
-1528,728,15108,-1786,-1132,2906,moving
732,1344,15960,34,-1393,4084,moving
1064,680,12632,2115,1375,3701,moving
-596,2940,17804,-622,-483,-1085,moving
3336,1252,16228,-2697,1079,-3544,moving
1204,1064,11632,-91,2024,-1058,moving
-1136,2088,16008,1105,23,2825,moving
-1640,1368,14428,6,3304,-5127,moving
-304,2016,16068,-421,362,-3877,moving
-1136,1948,16056,365,742,-56,moving
-2024,1984,15032,1261,-1131,3317,moving
-1684,3656,16940,204,-474,-1249,moving
44,1448,14920,-1332,77,766,moving
-1516,1704,15912,166,-163,3199,moving
-2344,292,16612,-744,109,3560,moving
1204,628,16484,-153,3498,-2723,moving
3300,-1548,12700,45,354,10139,moving
-556,1568,14244,-427,-582,11526,moving
260,-384,15292,-609,-649,6672,moving
1336,2020,16476,-1017,548,7507,moving
448,1312,16432,-862,1593,13183,moving
-2172,672,15692,-1665,-173,12127,moving
1600,804,16644,992,910,6042,moving
-36,-2376,17012,1060,3880,9717,moving
-1772,2840,12052,850,3432,6334,moving
-1260,3076,15148,-897,257,3461,moving
-28,1548,15596,-2694,540,6116,moving
-1844,2212,16020,1189,78,5783,moving
-2260,3124,17732,1020,348,2147,moving
-224,2232,13968,-794,1054,2842,moving
-3592,992,18196,-1575,1398,7388,moving
-1560,2968,16084,-518,-101,1861,moving
-1220,2264,14020,-1953,2397,1739,moving
-1176,2216,16064,-636,-536,5936,moving
-1084,2456,15544,-377,135,656,moving
-392,1076,14408,-784,-659,1579,moving
-1960,608,16096,-1613,4778,10432,moving
-1900,2528,14880,-2194,-221,6013,moving
-224,204,15868,-1235,1387,6720,moving
696,72,16284,229,2258,12375,moving
-2236,2576,14888,-799,-1101,12084,moving
3252,840,15164,-1081,2263,4831,moving
88,2464,16784,-120,2366,4833,moving
-1364,640,14412,829,326,5251,moving
-1832,1800,17028,730,-2209,928,moving
-472,1736,13904,-3436,-483,1933,moving
-2124,624,15928,-51,-1887,3636,moving
-1892,1316,16368,-1007,3284,-257,moving
12,1604,14024,-196,-88,-419,moving
-1988,624,17676,-700,48,2953,moving
-1464,1232,14312,-1742,1177,1524,moving
-216,-4,14416,158,-472,2931,moving
-1216,1140,15508,-2433,588,12390,moving
2220,2420,17056,-935,-641,8466,moving
1256,992,14908,-1320,115,7934,moving
-224,720,16268,178,1475,14045,moving
-1760,2652,14060,-1801,-1766,5537,moving
944,3372,13592,463,-3782,2377,moving
3192,11936,8696,33,-2353,8667,moving
-1540,1784,15620,695,971,8649,moving
84,4208,15624,-1230,-2400,3076,moving
-224,2376,15192,-489,441,2342,moving
-2280,760,17772,-545,-2175,5194,moving
-5704,-3372,32767,-2104,-9324,388,moving
12,1140,14572,-1324,822,716,moving
-1700,1744,16520,-638,-488,6190,moving
620,452,16520,-390,-2396,3178,moving
108,16,16576,-836,2341,6428,moving
-856,2016,13564,-639,-2384,10818,moving
0,1024,17572,-952,146,5192,moving
192,1184,15480,-1601,2598,8075,moving
-2064,2128,15756,171,1763,11890,moving
-1472,3888,15644,-1090,-464,7188,moving
1368,2732,15616,-1124,-694,2976,moving
356,3240,15812,316,1682,3815,moving
-1872,4048,16164,1138,2244,2688,moving
-1884,4560,14824,-460,-691,534,moving
168,2176,15224,-2352,1071,-772,moving
-3860,3984,16008,2445,3496,-1512,moving
-3004,2788,15860,-417,521,211,moving
-212,1720,15832,-572,834,-3533,moving
-1796,-416,16784,-1813,982,4472,moving
-2256,1920,15516,-1383,663,-127,moving
-764,1232,15344,-988,483,2205,moving
-2460,848,15432,-1614,1356,7918,moving
-1592,1964,15872,-477,531,1111,moving
-200,-316,13328,-1616,1364,5025,moving
3248,4364,13984,-1193,385,11534,moving
-1356,420,16740,-891,1597,4953,moving
1856,2716,14516,-1751,-3610,-2215,moving
-1292,-348,16360,-838,760,3288,moving
-772,2048,12904,1189,-574,-1121,moving
-724,512,15180,-335,2196,-3557,moving
-2856,3276,16840,566,-289,3811,moving
1320,8308,29872,-4541,-11020,-717,moving
604,460,15084,-427,1763,-3561,moving
-360,2156,16064,-290,-3683,281,moving
-112,-204,17056,-1218,2628,516,moving
-1020,1868,13760,128,98,58,moving
0,1752,15208,-1196,178,-1402,moving
868,1696,15712,-3041,-476,7905,moving
-888,1032,12636,-775,-1310,5585,moving
296,1652,16812,-1219,1710,6733,moving
-2352,8,16032,-125,3904,15892,moving
-1948,4456,16484,-1688,3222,4602,moving
-1004,3728,14720,-3821,-4286,2180,moving
-1696,2764,15444,-1853,-1156,-658,moving
124,3204,16980,353,-3125,-1551,moving
-156,2360,16068,535,3954,827,moving
-2628,3872,15792,-2985,-374,6144,moving
-912,2752,14416,-2106,-2606,-5191,moving
-1556,1196,17320,637,1430,-8929,moving
-880,2464,15668,1701,123,-1463,moving
-2672,2436,15384,975,752,2889,moving
-1816,4964,15092,-701,-542,-2326,moving
-364,2628,16992,-2591,-3049,-2145,moving
-304,3124,15608,-889,844,-2912,moving
-2052,2348,15860,650,92,3682,moving
-1748,2752,13140,-2092,261,2295,moving
76,1416,13996,-996,-1770,2158,moving
-1088,804,15636,-846,668,11617,moving
1692,4548,17320,-1717,-5356,16505,moving
-1708,2160,13940,-132,-869,9906,moving
524,2156,16120,-1295,1307,6225,moving
288,3236,16696,-1129,1514,6212,moving
-1792,2764,17780,-748,3717,9328,moving
-1376,3312,14348,953,825,7900,moving
-896,4716,17260,-536,1005,1029,moving
-508,3536,14404,-2373,2254,4094,moving
-3592,3016,16036,-948,2306,7490,moving
-3368,3984,14504,-1028,222,1129,moving
-1528,2276,17768,246,-1062,844,moving
-272,2960,14004,-790,-613,1905,moving
-2580,2112,15544,-210,301,2381,moving
-10568,-108,32767,-3502,-11584,-2207,moving
-300,1780,13744,1321,-731,-5674,moving
-312,5108,14040,1553,2204,91,moving
-2684,2620,13940,-972,1008,-1793,moving
-900,2876,16460,-1263,-3814,-2624,moving
-588,1968,14512,-897,333,1158,moving
-1348,3888,15612,138,124,630,moving
-872,1512,14900,-1330,1846,3905,moving
-392,3192,14348,-555,-1630,2543,moving
-108,720,16912,-4135,318,4729,moving
488,1236,15980,-1311,756,8387,moving
-928,-832,15568,-1105,-154,13267,moving
-1184,1668,16340,-357,477,8859,moving
-16,1092,15844,-553,-193,8032,moving
-1004,2040,16012,752,2195,10228,moving
-1408,2768,15316,303,-51,10037,moving
1632,2968,15364,-1872,-1456,2324,moving
560,2260,16324,58,1581,-1631,moving
-804,3132,14580,1508,986,5188,moving
8,3228,14872,-348,-1586,2916,moving
-304,4128,18588,-1312,2096,-2412,moving
-1272,2524,14768,-1180,314,2679,moving
-248,1880,14268,-1744,3848,2379,moving
-1488,4268,15736,-278,-1707,-326,moving
28,2216,15924,-1270,-412,-2337,moving
-1272,1884,17728,831,-3102,7107,moving
-1768,3784,14316,-173,1051,-1994,moving
48,3672,13468,370,-3587,-2014,moving
-332,1200,17436,-2699,2373,-138,moving
-2188,2396,14928,341,648,897,moving
-856,1172,15396,-822,3371,-817,moving
-524,1316,13976,-1066,1707,-1959,moving
-1460,1200,16492,296,-446,548,moving
-12796,176,32767,766,-5875,-3567,moving
-796,1832,13388,446,-2918,-6782,moving
-896,2064,18236,995,2663,-4261,moving
-3260,232,14236,-466,2693,-10069,moving
-1920,928,16932,2823,1664,-17017,moving
-1732,1928,16728,343,-2083,-7006,moving
968,2092,16164,-2220,-1970,-1146,moving
-3304,2024,15224,950,-4004,3391,moving
-1888,2688,17244,-409,-1201,-2723,moving
-816,2120,16840,-2301,-2637,3146,moving
-616,1068,13556,-1392,-615,6792,moving
-2504,2368,16580,-294,-744,5412,moving
-252,2584,13520,163,393,-571,moving
-388,2792,16724,-1344,-1226,229,moving
-1172,1320,14116,-486,1849,5075,moving
-2672,1808,17160,-222,-1421,4738,moving
276,432,16016,-667,-844,-1386,moving
-1608,3748,15628,-886,403,573,moving
-2292,2636,15528,-1743,931,6779,moving
-1540,1824,13856,-1077,-803,2911,moving
-564,1440,13232,1121,-45,977,moving
428,3256,15936,-700,197,12266,moving
-1808,2360,15864,-239,3199,6237,moving
-40,2904,16256,-220,-176,3765,moving
-864,2752,15416,-1248,2291,8386,moving
-2592,2268,13976,-1058,-1922,7866,moving
596,2192,15892,-3486,-5293,5712,moving
380,3720,13292,-189,646,762,moving
-2252,2652,16972,316,2427,4128,moving
-908,2360,15016,-1356,-314,-924,moving
-736,3212,15140,-767,913,-1629,moving
-1692,100,16820,-1589,-1231,2901,moving
132,1764,13720,-823,1675,-1933,moving
-460,1804,14856,-498,-2392,-7722,moving
-1868,444,17728,2549,2505,-1284,moving
-2048,620,14300,531,3608,-10471,moving
-1220,-160,13592,-647,1501,-3934,moving
656,2604,15756,-1247,-3180,-5739,moving
-576,784,15836,-1123,1772,-3952,moving
-1520,1952,18372,248,-3027,-8587,moving
-2728,1436,21368,713,522,-4631,moving
40,492,19424,941,-120,-9001,moving
-824,1184,16608,-200,415,-7222,moving
-2200,1728,16500,322,-244,-4152,moving
-232,952,15104,1395,1252,-7718,moving
-764,1552,14356,-1471,2398,-2346,moving
-1184,1232,10900,910,-769,2828,moving
-484,3096,16804,375,-523,-891,moving
-3380,2576,16664,-773,2176,3197,moving
-2080,4076,11660,1212,-638,-552,moving
-2004,2180,18840,503,-89,-6810,moving
-3180,3428,12532,140,106,3578,moving
-3004,1832,15180,-1170,-2403,835,moving
768,2816,16280,-2726,-938,558,moving
2592,2548,14460,607,6176,4099,moving
-112,-1028,15892,-3357,4645,8654,moving
-2520,-64,17616,-2545,2429,18817,moving
-1036,924,14652,-1490,-2821,9439,moving
-240,-304,17304,-1215,1491,7777,moving
-3324,572,16988,-462,4331,10128,moving
-3652,2828,15180,-1448,959,3779,moving
-3144,2948,15568,-1620,-985,-1133,moving
-1436,0,16584,-2353,5813,5170,moving
-4260,7392,24560,76,-2461,-799,moving
-404,132,15064,-582,-4564,275,moving
-1156,1816,16844,2672,3240,-3852,moving
-3024,436,13700,-1472,1243,361,moving
-1560,152,16168,-548,218,954,moving
-2784,-160,14592,-936,-1871,3487,moving
-1092,2112,17576,-1633,-6797,-876,moving
-716,1260,16140,-371,1662,772,moving
-3500,1588,14116,-1810,-3297,5524,moving
-2924,532,15016,-1542,-3665,-2578,moving
-948,640,15552,1679,-1961,-10466,moving
-2584,132,16212,798,741,-7756,moving
1288,1096,7324,-704,-1302,-6087,moving
-84,-1492,16052,-33,-1476,-4654,moving
-1328,-1100,16324,-557,188,4115,moving
-3504,3004,10716,-2274,-3151,992,moving
448,-24,15520,-836,1100,1016,moving
-2264,-520,15896,367,2212,7062,moving
-256,2928,18932,1762,3592,-264,moving
704,244,15208,-2157,283,2372,moving
-1168,-548,14604,-1176,4185,2504,moving
-1944,1108,15456,-443,-2148,-4070,moving
-996,852,16876,-664,-1110,-2258,moving
-372,-172,16784,-2049,-4167,2230,moving
-1072,-532,16720,1097,-1111,-7620,moving
452,-352,16032,-128,1245,-2863,moving
1336,-596,12716,521,-290,6889,moving
-1236,-204,15584,784,-795,1276,moving
-2860,2084,17768,-1266,-3059,-2333,moving
56,-3044,3180,36,4364,-1724,moving
300,276,15436,-1803,3721,-2395,moving
-984,-440,16556,149,-1830,-4009,moving
-1864,-516,17568,1347,-840,-8897,moving
344,-212,17044,-1053,-2447,-659,moving
188,-800,13956,-379,927,2224,moving
-1080,320,13868,5,-78,3600,moving
764,-1120,15492,-271,-604,5854,moving
-192,-264,16904,474,4652,4373,moving
-2524,1568,14868,2537,8613,-195,moving
-16,148,16788,-115,1690,943,moving
-2388,3008,18284,-1881,2784,-1735,moving
-2536,100,15660,148,3582,-4908,moving
2040,1604,13364,-362,-2581,-6386,moving
412,2456,15808,-4524,-2038,-1952,moving
736,-792,15584,-562,-4431,-13432,moving
3220,392,14500,670,613,-7653,moving
1232,-696,16956,-978,997,1934,moving
-2096,-608,16644,-834,1200,4948,moving
3108,-736,15868,-1016,-5619,238,moving
208,-1608,16100,1085,-489,10162,moving
-280,-876,14548,47,2244,1316,moving
-160,-744,16300,-817,299,513,moving
-484,-1176,16132,-183,5763,-2039,moving
-2392,-1964,16276,133,1479,2094,moving
-1392,-2360,17044,1627,5146,-6176,moving
-8,712,15824,-820,-1998,-644,moving
-716,-908,12492,-798,-2580,-2360,moving
-196,-1340,14404,-1088,-4836,-5840,moving
1776,-2380,13524,-2368,-1467,-476,moving
344,-1420,13812,-1048,1271,-5681,moving
356,-1768,12332,119,-4649,-6764,moving
300,-1404,15064,1226,-34,-552,moving
-624,-1612,15324,108,-1490,2209,moving
-248,-772,16548,-145,890,-2591,moving
740,-1556,15896,-697,-492,4150,moving
148,204,18216,-1348,-2755,9878,moving
260,-396,15916,163,771,1923,moving
1616,-584,15412,1053,-1401,4239,moving
2464,-2412,13512,-138,-3849,10579,moving
-96,1260,16064,133,2391,481,moving
-544,-308,14280,-2014,3073,1149,moving
-2340,-380,14540,-973,208,2591,moving
-1120,412,16036,579,-96,-8901,moving
972,-716,16080,-262,274,-4586,moving
-400,-1412,13544,-623,2533,-3261,moving
-1020,-1872,16676,132,2880,-6386,moving
2240,-232,15612,39,920,-8067,moving
-960,504,14348,255,-40,-1927,moving
-844,-224,14220,-1792,-1480,-2881,moving
-936,-604,17368,-909,-5366,-3882,moving
2640,-312,15936,-2552,3575,-320,moving
-5632,-3756,27388,-772,-990,1943,moving
692,-3760,15992,-443,8252,-5301,moving
-448,-712,16188,300,2760,-4057,moving
-820,-2296,16096,-813,-565,-5749,moving
-32,-2340,19652,1740,4565,-12202,moving
1032,-452,14476,-285,-589,-1894,moving
-1736,-1164,14804,2073,1483,-1313,moving
-400,-348,16192,-523,-1985,-2542,moving
3028,-1152,12352,-1500,-552,3926,moving
-500,-1376,15624,-308,2821,8302,moving
1596,-360,14628,-1109,-1278,4683,moving
316,-2100,16416,-2148,1220,4075,moving
-356,-192,15740,135,1766,9027,moving
-1652,576,14392,-1304,-619,9227,moving
1296,-908,14832,-2556,-3379,2399,moving
672,-508,13436,631,1771,-4555,moving
-1520,-952,15816,-12,1721,1538,moving
-2200,-256,14120,501,-1142,2937,moving
-784,-1004,15492,-1166,-2620,-3784,moving
1356,216,16416,-224,4156,-6791,moving
-412,164,16716,-2431,786,-3388,moving
2576,-2020,8464,-3870,1619,-5019,moving
-292,-4152,16476,-607,3140,-12939,moving
1144,-312,16520,-1,5371,-5745,moving
-444,-1128,14956,1028,-966,1139,moving
-956,-48,15752,355,-1211,-1882,moving
360,-1816,16188,-1772,-2199,-2057,moving
540,-1732,16076,-1449,-247,4091,moving
220,-1436,16068,416,419,7051,moving
60,224,15780,-1240,-3661,4474,moving
-1284,5152,29084,-420,-9761,4423,moving
-648,-2068,14564,-468,1250,9909,moving
-924,-1464,12760,595,-1055,9414,moving
-476,-12,14708,-792,-445,2268,moving
2220,232,14128,1424,1334,-4581,moving
-692,-196,15548,1049,1412,-1802,moving
-2820,1024,15276,974,1151,-3408,moving
-172,604,16884,-1438,1309,-3411,moving
4040,4040,13820,-3802,-7086,-2433,moving
-2372,-5084,20856,-2742,144,-3804,moving
-1116,-2980,15936,-2318,1646,-8082,moving
1624,-2216,14116,89,-1564,-8561,moving
-868,-1824,14816,797,-117,-682,moving
16,96,13656,1712,-3525,520,moving
-1388,-1048,17708,925,-2380,-2529,moving
616,748,14836,337,-6,843,moving
880,-232,15568,-1205,83,-401,moving
124,-832,15696,439,-2146,2618,moving
700,-504,15244,-963,507,536,moving
496,-532,12948,-561,711,-1295,moving
1808,-1016,15036,376,-96,6402,moving
-524,-2328,17052,501,-107,7822,moving
1836,2444,16148,2693,5876,956,moving
-396,524,13188,634,-167,-3190,moving
472,320,14632,1056,-1023,-584,moving
-1592,-2156,17944,-921,14,-127,moving
204,-4196,9152,-4673,-4052,987,moving
-1412,-1160,14664,341,2222,-5764,moving
-316,436,13896,-1240,-683,-3996,moving
-504,-1644,12872,-788,-3405,-3156,moving
792,-360,16244,95,-1347,-8418,moving
1576,-2244,16628,-1712,1980,-1992,moving
-248,220,15892,121,2132,2545,moving
-224,-1716,14184,-403,-795,1525,moving
-460,-1408,14032,870,-434,-1862,moving
1420,396,12492,1874,-1920,-6199,moving
1156,-1360,15576,563,-2084,919,moving
-2348,-1540,16576,-23,565,4444,moving
-892,-2236,15976,-776,-1409,1093,moving
52,-2896,15852,-403,114,4005,moving
-172,-3016,16000,-1575,-1582,13464,moving
-1976,-812,15408,-1207,-2721,4947,moving
-636,-804,16668,-131,-1262,110,moving
-140,-3264,16696,-185,4423,3619,moving
-1912,-2324,17700,1542,-2562,-1079,moving
-2008,-904,16560,1081,2073,-5630,moving
136,-200,15508,1084,-1244,-8711,moving
-492,-4820,12048,-1843,1124,-6449,moving
-960,-1624,13544,-1931,-1117,-2616,moving
464,-1452,13704,-959,-47,-6198,moving
-1624,-2376,21060,1691,6217,-5024,moving
-1464,-1708,17236,-632,2501,-1947,moving
-2384,-728,13840,669,87,-1841,moving
-604,-1100,15596,-745,-4674,-2311,moving
140,-828,16500,-775,-1258,-920,moving
-184,-796,13656,1095,-1329,1946,moving
2620,1176,22576,1045,1746,-3660,moving
3432,2028,9128,-2064,-3485,-937,moving
-1432,-1160,14176,-600,1280,4454,moving
-1572,716,14500,-765,-534,7320,moving
140,-96,13320,-1319,147,366,moving
-576,1064,13412,-586,2057,-3902,moving
2788,-12,16540,202,-257,4475,moving
2388,-360,13488,-2220,-3749,5319,moving
260,36,15632,-119,4683,4230,moving
-588,284,19096,-120,3193,3497,moving
-804,-768,16188,-630,1172,1144,moving
-356,32,12792,2225,2110,-3911,moving
-2480,-2148,17032,-483,587,-1424,moving
-72,-3168,15696,-484,2666,7308,moving
-1244,844,16196,1334,3499,10594,moving
264,804,16208,2682,8807,-4564,moving
-1800,-532,18988,771,5658,-4998,moving
-1412,-1940,19036,-1926,2178,1316,moving
-1292,40,16084,487,2197,496,moving
-3828,-348,14212,986,40,1179,moving
-3620,-512,15684,-337,-4566,-177,moving
224,-1516,15084,-824,-3474,-3667,moving
20,-1100,14680,-1018,-527,-4236,moving
424,540,28640,-938,-3752,521,moving
4180,924,30160,253,-6766,1024,moving
836,-1308,14976,741,4518,942,moving
-388,-1536,13724,566,2563,-584,moving
1448,1068,1672,-3604,-2464,-3035,moving
1008,-1424,14360,-1893,2470,-5994,moving
364,544,12868,1415,1748,-4274,moving
7116,-2296,9368,-2174,3619,133,moving
1348,1548,15916,-1787,795,3373,moving
1796,1184,13444,-790,514,4266,moving
1044,32,13784,-1595,2339,4392,moving
-2392,876,16344,1786,-98,3122,moving
856,360,15228,714,-2881,899,moving
248,420,16452,-799,3265,2218,moving
-3268,-144,16100,0,-617,1067,moving
-2220,460,18260,802,-1670,-1324,moving
472,416,12784,-261,-2578,4772,moving
-3860,104,20180,-661,-1105,1474,moving
36,-644,15624,-1026,2113,4380,moving
-1984,-2076,18624,410,2387,3410,moving
-304,-620,18848,198,-440,-5022,moving
68,-684,19004,92,4956,-7337,moving
-2188,2580,19456,1397,975,-4322,moving
-4,-1704,18148,-1995,1531,-5616,moving
-3284,-1384,22368,733,3026,-2651,moving
-2864,-4352,13420,95,5865,-7425,moving
2992,2164,17036,90,-579,-6484,moving
-1420,-2496,15492,1600,6828,-935,moving
-2176,-704,18516,934,-668,-4762,moving
12,376,15028,567,3121,454,moving
-2936,-1040,17732,-946,-1960,1154,moving
872,-20,17568,-805,253,3438,moving
564,-616,17212,-41,6581,8915,moving
908,-1152,15136,200,4040,2415,moving
3980,-4336,12340,-1576,1627,8686,moving
1280,764,15428,-727,1276,7257,moving
4020,-244,11828,609,1961,4722,moving
1132,-776,14716,-981,5453,9361,moving
2856,-424,16620,-3776,-434,1394,moving
684,-1580,21060,-2106,7184,-1842,moving
-11948,-2716,32767,-1034,922,-6151,moving
1128,-1924,16852,128,5409,-10281,moving
-436,-1924,17148,-1048,-1576,-4333,moving
-648,-1524,16588,367,-1577,-3783,moving
600,-1556,16664,391,119,-2858,moving
-580,-2068,16308,894,-1838,4707,moving
504,-1908,17584,18,-3645,3367,moving
492,-3088,15768,814,-3194,10091,moving
316,-2672,17320,-1131,-1677,8706,moving
1784,-2276,16536,-1194,1427,3528,moving
752,-2412,13492,2362,-4938,710,moving
500,-304,13472,1840,761,-7414,moving
-320,-1236,16252,-1971,2313,-5275,moving
-1156,-1356,15764,-1461,-214,3111,moving
4100,-3392,11228,-4909,-10821,12576,moving
-1876,-2420,17440,-87,-1727,10038,moving
1504,-984,13928,118,-663,4867,moving
984,-3072,16008,333,-2008,7539,moving
